date,site_code,discharge_cfs
2015-01-01T00:00:00.000,01010000,1870.0
2015-01-02T00:00:00.000,01010000,1680.0
2015-01-03T00:00:00.000,01010000,1530.0
2015-01-04T00:00:00.000,01010000,1420.0
2015-01-05T00:00:00.000,01010000,1330.0
2015-01-06T00:00:00.000,01010000,1270.0
2015-01-07T00:00:00.000,01010000,1220.0
2015-01-08T00:00:00.000,01010000,1180.0
2015-01-09T00:00:00.000,01010000,1150.0
2015-01-10T00:00:00.000,01010000,1130.0
2015-01-11T00:00:00.000,01010000,1110.0
2015-01-12T00:00:00.000,01010000,1080.0
2015-01-13T00:00:00.000,01010000,1060.0
2015-01-14T00:00:00.000,01010000,1040.0
2015-01-15T00:00:00.000,01010000,1010.0
2015-01-16T00:00:00.000,01010000,991.0
2015-01-17T00:00:00.000,01010000,975.0
2015-01-18T00:00:00.000,01010000,962.0
2015-01-19T00:00:00.000,01010000,995.0
2015-01-20T00:00:00.000,01010000,1140.0
2015-01-21T00:00:00.000,01010000,1460.0
2015-01-22T00:00:00.000,01010000,1480.0
2015-01-23T00:00:00.000,01010000,1370.0
2015-01-24T00:00:00.000,01010000,1240.0
2015-01-25T00:00:00.000,01010000,1120.0
2015-01-26T00:00:00.000,01010000,1010.0
2015-01-27T00:00:00.000,01010000,918.0
2015-01-28T00:00:00.000,01010000,849.0
2015-01-29T00:00:00.000,01010000,795.0
2015-01-30T00:00:00.000,01010000,754.0
2015-01-31T00:00:00.000,01010000,714.0
2015-02-01T00:00:00.000,01010000,679.0
2015-02-02T00:00:00.000,01010000,647.0
2015-02-03T00:00:00.000,01010000,619.0
2015-02-04T00:00:00.000,01010000,588.0
2015-02-05T00:00:00.000,01010000,562.0
2015-02-06T00:00:00.000,01010000,536.0
2015-02-07T00:00:00.000,01010000,512.0
2015-02-08T00:00:00.000,01010000,489.0
2015-02-09T00:00:00.000,01010000,470.0
2015-02-10T00:00:00.000,01010000,452.0
2015-02-11T00:00:00.000,01010000,434.0
2015-02-12T00:00:00.000,01010000,418.0
2015-02-13T00:00:00.000,01010000,404.0
2015-02-14T00:00:00.000,01010000,391.0
2015-02-15T00:00:00.000,01010000,379.0
2015-02-16T00:00:00.000,01010000,368.0
2015-02-17T00:00:00.000,01010000,357.0
2015-02-18T00:00:00.000,01010000,348.0
2015-02-19T00:00:00.000,01010000,337.0
2015-02-20T00:00:00.000,01010000,329.0
2015-02-21T00:00:00.000,01010000,321.0
2015-02-22T00:00:00.000,01010000,313.0
2015-02-23T00:00:00.000,01010000,305.0
2015-02-24T00:00:00.000,01010000,298.0
2015-02-25T00:00:00.000,01010000,292.0
2015-02-26T00:00:00.000,01010000,286.0
2015-02-27T00:00:00.000,01010000,280.0
2015-02-28T00:00:00.000,01010000,275.0
2015-03-01T00:00:00.000,01010000,269.0
2015-03-02T00:00:00.000,01010000,265.0
2015-03-03T00:00:00.000,01010000,260.0
2015-03-04T00:00:00.000,01010000,256.0
2015-03-05T00:00:00.000,01010000,251.0
2015-03-06T00:00:00.000,01010000,247.0
2015-03-07T00:00:00.000,01010000,242.0
2015-03-08T00:00:00.000,01010000,238.0
2015-03-09T00:00:00.000,01010000,235.0
2015-03-10T00:00:00.000,01010000,231.0
2015-03-11T00:00:00.000,01010000,228.0
2015-03-12T00:00:00.000,01010000,225.0
2015-03-13T00:00:00.000,01010000,221.0
2015-03-14T00:00:00.000,01010000,219.0
2015-03-15T00:00:00.000,01010000,216.0
2015-03-16T00:00:00.000,01010000,213.0
2015-03-17T00:00:00.000,01010000,210.0
2015-03-18T00:00:00.000,01010000,208.0
2015-03-19T00:00:00.000,01010000,205.0
2015-03-20T00:00:00.000,01010000,203.0
2015-03-21T00:00:00.000,01010000,201.0
2015-03-22T00:00:00.000,01010000,199.0
2015-03-23T00:00:00.000,01010000,197.0
2015-03-24T00:00:00.000,01010000,196.0
2015-03-25T00:00:00.000,01010000,194.0
2015-03-26T00:00:00.000,01010000,192.0
2015-03-27T00:00:00.000,01010000,191.0
2015-03-28T00:00:00.000,01010000,190.0
2015-03-29T00:00:00.000,01010000,189.0
2015-03-30T00:00:00.000,01010000,189.0
2015-03-31T00:00:00.000,01010000,188.0
2015-04-01T00:00:00.000,01010000,188.0
2015-04-02T00:00:00.000,01010000,186.0
2015-04-03T00:00:00.000,01010000,187.0
2015-04-04T00:00:00.000,01010000,190.0
2015-04-05T00:00:00.000,01010000,195.0
2015-04-06T00:00:00.000,01010000,207.0
2015-04-07T00:00:00.000,01010000,225.0
2015-04-08T00:00:00.000,01010000,248.0
2015-04-09T00:00:00.000,01010000,279.0
2015-04-10T00:00:00.000,01010000,320.0
2015-04-11T00:00:00.000,01010000,383.0
2015-04-12T00:00:00.000,01010000,498.0
2015-04-13T00:00:00.000,01010000,721.0
2015-04-14T00:00:00.000,01010000,1250.0
2015-04-15T00:00:00.000,01010000,2500.0
2015-04-16T00:00:00.000,01010000,6190.0
2015-04-17T00:00:00.000,01010000,12600.0
2015-04-18T00:00:00.000,01010000,16200.0
2015-04-19T00:00:00.000,01010000,20600.0
2015-04-20T00:00:00.000,01010000,18600.0
2015-04-21T00:00:00.000,01010000,16400.0
2015-04-22T00:00:00.000,01010000,18300.0
2015-04-23T00:00:00.000,01010000,19700.0
2015-04-24T00:00:00.000,01010000,20400.0
2015-04-25T00:00:00.000,01010000,16200.0
2015-04-26T00:00:00.000,01010000,12600.0
2015-04-27T00:00:00.000,01010000,11600.0
2015-04-28T00:00:00.000,01010000,12200.0
2015-04-29T00:00:00.000,01010000,13100.0
2015-04-30T00:00:00.000,01010000,13200.0
2015-05-01T00:00:00.000,01010000,11900.0
2015-05-02T00:00:00.000,01010000,10700.0
2015-05-03T00:00:00.000,01010000,10000.0
2015-05-04T00:00:00.000,01010000,9160.0
2015-05-05T00:00:00.000,01010000,8920.0
2015-05-06T00:00:00.000,01010000,8000.0
2015-05-07T00:00:00.000,01010000,6280.0
2015-05-08T00:00:00.000,01010000,4950.0
2015-05-09T00:00:00.000,01010000,3940.0
2015-05-10T00:00:00.000,01010000,3480.0
2015-05-11T00:00:00.000,01010000,4480.0
2015-05-12T00:00:00.000,01010000,5280.0
2015-05-13T00:00:00.000,01010000,7880.0
2015-05-14T00:00:00.000,01010000,7690.0
2015-05-15T00:00:00.000,01010000,5500.0
2015-05-16T00:00:00.000,01010000,3850.0
2015-05-17T00:00:00.000,01010000,2940.0
2015-05-18T00:00:00.000,01010000,2410.0
2015-05-19T00:00:00.000,01010000,2100.0
2015-05-20T00:00:00.000,01010000,2130.0
2015-05-21T00:00:00.000,01010000,2090.0
2015-05-22T00:00:00.000,01010000,1870.0
2015-05-23T00:00:00.000,01010000,1580.0
2015-05-24T00:00:00.000,01010000,1360.0
2015-05-25T00:00:00.000,01010000,1180.0
2015-05-26T00:00:00.000,01010000,1150.0
2015-05-27T00:00:00.000,01010000,2290.0
2015-05-28T00:00:00.000,01010000,2930.0
2015-05-29T00:00:00.000,01010000,2990.0
2015-05-30T00:00:00.000,01010000,2610.0
2015-05-31T00:00:00.000,01010000,2810.0
2015-06-01T00:00:00.000,01010000,3750.0
2015-06-02T00:00:00.000,01010000,2900.0
2015-06-03T00:00:00.000,01010000,2530.0
2015-06-04T00:00:00.000,01010000,2320.0
2015-06-05T00:00:00.000,01010000,1870.0
2015-06-06T00:00:00.000,01010000,1650.0
2015-06-07T00:00:00.000,01010000,1570.0
2015-06-08T00:00:00.000,01010000,1300.0
2015-06-09T00:00:00.000,01010000,3320.0
2015-06-10T00:00:00.000,01010000,7140.0
2015-06-11T00:00:00.000,01010000,10600.0
2015-06-12T00:00:00.000,01010000,9490.0
2015-06-13T00:00:00.000,01010000,6360.0
2015-06-14T00:00:00.000,01010000,4340.0
2015-06-15T00:00:00.000,01010000,3020.0
2015-06-16T00:00:00.000,01010000,2190.0
2015-06-17T00:00:00.000,01010000,2010.0
2015-06-18T00:00:00.000,01010000,2040.0
2015-06-19T00:00:00.000,01010000,2300.0
2015-06-20T00:00:00.000,01010000,2960.0
2015-06-21T00:00:00.000,01010000,2270.0
2015-06-22T00:00:00.000,01010000,1720.0
2015-06-23T00:00:00.000,01010000,1410.0
2015-06-24T00:00:00.000,01010000,1260.0
2015-06-25T00:00:00.000,01010000,1230.0
2015-06-26T00:00:00.000,01010000,1000.0
2015-06-27T00:00:00.000,01010000,793.0
2015-06-28T00:00:00.000,01010000,664.0
2015-06-29T00:00:00.000,01010000,667.0
2015-06-30T00:00:00.000,01010000,841.0
2015-07-01T00:00:00.000,01010000,837.0
2015-07-02T00:00:00.000,01010000,1820.0
2015-07-03T00:00:00.000,01010000,2470.0
2015-07-04T00:00:00.000,01010000,1790.0
2015-07-05T00:00:00.000,01010000,1210.0
2015-07-06T00:00:00.000,01010000,873.0
2015-07-07T00:00:00.000,01010000,688.0
2015-07-08T00:00:00.000,01010000,708.0
2015-07-09T00:00:00.000,01010000,1000.0
2015-07-10T00:00:00.000,01010000,827.0
2015-07-11T00:00:00.000,01010000,638.0
2015-07-12T00:00:00.000,01010000,547.0
2015-07-13T00:00:00.000,01010000,566.0
2015-07-14T00:00:00.000,01010000,529.0
2015-07-15T00:00:00.000,01010000,463.0
2015-07-16T00:00:00.000,01010000,496.0
2015-07-17T00:00:00.000,01010000,525.0
2015-07-18T00:00:00.000,01010000,423.0
2015-07-19T00:00:00.000,01010000,471.0
2015-07-20T00:00:00.000,01010000,1150.0
2015-07-21T00:00:00.000,01010000,3720.0
2015-07-22T00:00:00.000,01010000,3850.0
2015-07-23T00:00:00.000,01010000,3370.0
2015-07-24T00:00:00.000,01010000,2200.0
2015-07-25T00:00:00.000,01010000,2140.0
2015-07-26T00:00:00.000,01010000,2190.0
2015-07-27T00:00:00.000,01010000,1710.0
2015-07-28T00:00:00.000,01010000,1880.0
2015-07-29T00:00:00.000,01010000,2820.0
2015-07-30T00:00:00.000,01010000,2310.0
2015-07-31T00:00:00.000,01010000,2160.0
2015-08-01T00:00:00.000,01010000,2180.0
2015-08-02T00:00:00.000,01010000,1970.0
2015-08-03T00:00:00.000,01010000,2100.0
2015-08-04T00:00:00.000,01010000,1640.0
2015-08-05T00:00:00.000,01010000,1520.0
2015-08-06T00:00:00.000,01010000,1580.0
2015-08-07T00:00:00.000,01010000,1560.0
2015-08-08T00:00:00.000,01010000,1310.0
2015-08-09T00:00:00.000,01010000,1080.0
2015-08-10T00:00:00.000,01010000,932.0
2015-08-11T00:00:00.000,01010000,851.0
2015-08-12T00:00:00.000,01010000,1010.0
2015-08-13T00:00:00.000,01010000,1250.0
2015-08-14T00:00:00.000,01010000,1070.0
2015-08-15T00:00:00.000,01010000,864.0
2015-08-16T00:00:00.000,01010000,720.0
2015-08-17T00:00:00.000,01010000,614.0
2015-08-18T00:00:00.000,01010000,549.0
2015-08-19T00:00:00.000,01010000,572.0
2015-08-20T00:00:00.000,01010000,498.0
2015-08-21T00:00:00.000,01010000,484.0
2015-08-22T00:00:00.000,01010000,470.0
2015-08-23T00:00:00.000,01010000,437.0
2015-08-24T00:00:00.000,01010000,401.0
2015-08-25T00:00:00.000,01010000,369.0
2015-08-26T00:00:00.000,01010000,390.0
2015-08-27T00:00:00.000,01010000,654.0
2015-08-28T00:00:00.000,01010000,652.0
2015-08-29T00:00:00.000,01010000,579.0
2015-08-30T00:00:00.000,01010000,466.0
2015-08-31T00:00:00.000,01010000,390.0
2015-09-01T00:00:00.000,01010000,334.0
2015-09-02T00:00:00.000,01010000,289.0
2015-09-03T00:00:00.000,01010000,253.0
2015-09-04T00:00:00.000,01010000,225.0
2015-09-05T00:00:00.000,01010000,204.0
2015-09-06T00:00:00.000,01010000,179.0
2015-09-07T00:00:00.000,01010000,164.0
2015-09-08T00:00:00.000,01010000,159.0
2015-09-09T00:00:00.000,01010000,163.0
2015-09-10T00:00:00.000,01010000,172.0
2015-09-11T00:00:00.000,01010000,181.0
2015-09-12T00:00:00.000,01010000,198.0
2015-09-13T00:00:00.000,01010000,186.0
2015-09-14T00:00:00.000,01010000,230.0
2015-09-15T00:00:00.000,01010000,480.0
2015-09-16T00:00:00.000,01010000,772.0
2015-09-17T00:00:00.000,01010000,659.0
2015-09-18T00:00:00.000,01010000,499.0
2015-09-19T00:00:00.000,01010000,391.0
2015-09-20T00:00:00.000,01010000,322.0
2015-09-21T00:00:00.000,01010000,279.0
2015-09-22T00:00:00.000,01010000,250.0
2015-09-23T00:00:00.000,01010000,228.0
2015-09-24T00:00:00.000,01010000,206.0
2015-09-25T00:00:00.000,01010000,185.0
2015-09-26T00:00:00.000,01010000,167.0
2015-09-27T00:00:00.000,01010000,154.0
2015-09-28T00:00:00.000,01010000,143.0
2015-09-29T00:00:00.000,01010000,137.0
2015-09-30T00:00:00.000,01010000,236.0
2015-10-01T00:00:00.000,01010000,2730.0
2015-10-02T00:00:00.000,01010000,4000.0
2015-10-03T00:00:00.000,01010000,2760.0
2015-10-04T00:00:00.000,01010000,1800.0
2015-10-05T00:00:00.000,01010000,1290.0
2015-10-06T00:00:00.000,01010000,989.0
2015-10-07T00:00:00.000,01010000,795.0
2015-10-08T00:00:00.000,01010000,662.0
2015-10-09T00:00:00.000,01010000,576.0
2015-10-10T00:00:00.000,01010000,528.0
2015-10-11T00:00:00.000,01010000,536.0
2015-10-12T00:00:00.000,01010000,538.0
2015-10-13T00:00:00.000,01010000,524.0
2015-10-14T00:00:00.000,01010000,479.0
2015-10-15T00:00:00.000,01010000,430.0
2015-10-16T00:00:00.000,01010000,458.0
2015-10-17T00:00:00.000,01010000,833.0
2015-10-18T00:00:00.000,01010000,955.0
2015-10-19T00:00:00.000,01010000,914.0
2015-10-20T00:00:00.000,01010000,778.0
2015-10-21T00:00:00.000,01010000,689.0
2015-10-22T00:00:00.000,01010000,648.0
2015-10-23T00:00:00.000,01010000,636.0
2015-10-24T00:00:00.000,01010000,632.0
2015-10-25T00:00:00.000,01010000,650.0
2015-10-26T00:00:00.000,01010000,1650.0
2015-10-27T00:00:00.000,01010000,1740.0
2015-10-28T00:00:00.000,01010000,1400.0
2015-10-29T00:00:00.000,01010000,3140.0
2015-10-30T00:00:00.000,01010000,7510.0
2015-10-31T00:00:00.000,01010000,5650.0
2015-11-01T00:00:00.000,01010000,3900.0
2015-11-02T00:00:00.000,01010000,3410.0
2015-11-03T00:00:00.000,01010000,3310.0
2015-11-04T00:00:00.000,01010000,3340.0
2015-11-05T00:00:00.000,01010000,2940.0
2015-11-06T00:00:00.000,01010000,2440.0
2015-11-07T00:00:00.000,01010000,2120.0
2015-11-08T00:00:00.000,01010000,1840.0
2015-11-09T00:00:00.000,01010000,1560.0
2015-11-10T00:00:00.000,01010000,1360.0
2015-11-11T00:00:00.000,01010000,1210.0
2015-11-12T00:00:00.000,01010000,1110.0
2015-11-13T00:00:00.000,01010000,1250.0
2015-11-14T00:00:00.000,01010000,2160.0
2015-11-15T00:00:00.000,01010000,2270.0
2015-11-16T00:00:00.000,01010000,1950.0
2015-11-17T00:00:00.000,01010000,1630.0
2015-11-18T00:00:00.000,01010000,1380.0
2015-11-19T00:00:00.000,01010000,1200.0
2015-11-20T00:00:00.000,01010000,2000.0
2015-11-21T00:00:00.000,01010000,5330.0
2015-11-22T00:00:00.000,01010000,4670.0
2015-11-23T00:00:00.000,01010000,3500.0
2015-11-24T00:00:00.000,01010000,2590.0
2015-11-25T00:00:00.000,01010000,1770.0
2015-11-26T00:00:00.000,01010000,1450.0
2015-11-27T00:00:00.000,01010000,1460.0
2015-11-28T00:00:00.000,01010000,1610.0
2015-11-29T00:00:00.000,01010000,1690.0
2015-11-30T00:00:00.000,01010000,1140.0
2015-12-01T00:00:00.000,01010000,987.0
2015-12-02T00:00:00.000,01010000,1170.0
2015-12-03T00:00:00.000,01010000,1370.0
2015-12-04T00:00:00.000,01010000,1970.0
2015-12-05T00:00:00.000,01010000,2380.0
2015-12-06T00:00:00.000,01010000,2160.0
2015-12-07T00:00:00.000,01010000,1980.0
2015-12-08T00:00:00.000,01010000,1800.0
2015-12-09T00:00:00.000,01010000,1560.0
2015-12-10T00:00:00.000,01010000,1470.0
2015-12-11T00:00:00.000,01010000,1400.0
2015-12-12T00:00:00.000,01010000,1400.0
2015-12-13T00:00:00.000,01010000,1640.0
2015-12-14T00:00:00.000,01010000,1780.0
2015-12-15T00:00:00.000,01010000,1660.0
2015-12-16T00:00:00.000,01010000,1470.0
2015-12-17T00:00:00.000,01010000,1630.0
2015-12-18T00:00:00.000,01010000,1830.0
2015-12-19T00:00:00.000,01010000,2400.0
2015-12-20T00:00:00.000,01010000,2640.0
2015-12-21T00:00:00.000,01010000,2200.0
2015-12-22T00:00:00.000,01010000,1990.0
2015-12-23T00:00:00.000,01010000,1900.0
2015-12-24T00:00:00.000,01010000,2430.0
2015-12-25T00:00:00.000,01010000,6270.0
2015-12-26T00:00:00.000,01010000,8550.0
2015-12-27T00:00:00.000,01010000,6410.0
2015-12-28T00:00:00.000,01010000,4340.0
2015-12-29T00:00:00.000,01010000,3250.0
2015-12-30T00:00:00.000,01010000,2730.0
2015-12-31T00:00:00.000,01010000,2430.0
2016-01-01T00:00:00.000,01010000,2170.0
2016-01-02T00:00:00.000,01010000,1950.0
2016-01-03T00:00:00.000,01010000,1800.0
2016-01-04T00:00:00.000,01010000,1690.0
2016-01-05T00:00:00.000,01010000,1620.0
2016-01-06T00:00:00.000,01010000,1570.0
2016-01-07T00:00:00.000,01010000,1520.0
2016-01-08T00:00:00.000,01010000,1480.0
2016-01-09T00:00:00.000,01010000,1460.0
2016-01-10T00:00:00.000,01010000,1570.0
2016-01-11T00:00:00.000,01010000,1810.0
2016-01-12T00:00:00.000,01010000,2040.0
2016-01-13T00:00:00.000,01010000,2040.0
2016-01-14T00:00:00.000,01010000,1880.0
2016-01-15T00:00:00.000,01010000,1740.0
2016-01-16T00:00:00.000,01010000,1600.0
2016-01-17T00:00:00.000,01010000,1480.0
2016-01-18T00:00:00.000,01010000,1360.0
2016-01-19T00:00:00.000,01010000,1250.0
2016-01-20T00:00:00.000,01010000,1150.0
2016-01-21T00:00:00.000,01010000,1080.0
2016-01-22T00:00:00.000,01010000,1020.0
2016-01-23T00:00:00.000,01010000,967.0
2016-01-24T00:00:00.000,01010000,926.0
2016-01-25T00:00:00.000,01010000,885.0
2016-01-26T00:00:00.000,01010000,852.0
2016-01-27T00:00:00.000,01010000,831.0
2016-01-28T00:00:00.000,01010000,817.0
2016-01-29T00:00:00.000,01010000,808.0
2016-01-30T00:00:00.000,01010000,803.0
2016-01-31T00:00:00.000,01010000,799.0
2016-02-01T00:00:00.000,01010000,795.0
2016-02-02T00:00:00.000,01010000,795.0
2016-02-03T00:00:00.000,01010000,813.0
2016-02-04T00:00:00.000,01010000,893.0
2016-02-05T00:00:00.000,01010000,1050.0
2016-02-06T00:00:00.000,01010000,1270.0
2016-02-07T00:00:00.000,01010000,1250.0
2016-02-08T00:00:00.000,01010000,1150.0
2016-02-09T00:00:00.000,01010000,1080.0
2016-02-10T00:00:00.000,01010000,1040.0
2016-02-11T00:00:00.000,01010000,986.0
2016-02-12T00:00:00.000,01010000,931.0
2016-02-13T00:00:00.000,01010000,867.0
2016-02-14T00:00:00.000,01010000,808.0
2016-02-15T00:00:00.000,01010000,763.0
2016-02-16T00:00:00.000,01010000,737.0
2016-02-17T00:00:00.000,01010000,812.0
2016-02-18T00:00:00.000,01010000,1010.0
2016-02-19T00:00:00.000,01010000,1230.0
2016-02-20T00:00:00.000,01010000,1350.0
2016-02-21T00:00:00.000,01010000,1360.0
2016-02-22T00:00:00.000,01010000,1300.0
2016-02-23T00:00:00.000,01010000,1250.0
2016-02-24T00:00:00.000,01010000,1200.0
2016-02-25T00:00:00.000,01010000,1260.0
2016-02-26T00:00:00.000,01010000,1710.0
2016-02-27T00:00:00.000,01010000,3120.0
2016-02-28T00:00:00.000,01010000,3970.0
2016-02-29T00:00:00.000,01010000,3840.0
2016-03-01T00:00:00.000,01010000,3590.0
2016-03-02T00:00:00.000,01010000,3320.0
2016-03-03T00:00:00.000,01010000,3060.0
2016-03-04T00:00:00.000,01010000,2840.0
2016-03-05T00:00:00.000,01010000,2610.0
2016-03-06T00:00:00.000,01010000,2400.0
2016-03-07T00:00:00.000,01010000,2220.0
2016-03-08T00:00:00.000,01010000,2080.0
2016-03-09T00:00:00.000,01010000,1980.0
2016-03-10T00:00:00.000,01010000,2090.0
2016-03-11T00:00:00.000,01010000,2830.0
2016-03-12T00:00:00.000,01010000,4230.0
2016-03-13T00:00:00.000,01010000,5230.0
2016-03-14T00:00:00.000,01010000,5040.0
2016-03-15T00:00:00.000,01010000,4440.0
2016-03-16T00:00:00.000,01010000,4110.0
2016-03-17T00:00:00.000,01010000,4300.0
2016-03-18T00:00:00.000,01010000,4460.0
2016-03-19T00:00:00.000,01010000,4250.0
2016-03-20T00:00:00.000,01010000,3910.0
2016-03-21T00:00:00.000,01010000,3630.0
2016-03-22T00:00:00.000,01010000,3430.0
2016-03-23T00:00:00.000,01010000,3240.0
2016-03-24T00:00:00.000,01010000,3030.0
2016-03-25T00:00:00.000,01010000,2910.0
2016-03-26T00:00:00.000,01010000,2820.0
2016-03-27T00:00:00.000,01010000,2770.0
2016-03-28T00:00:00.000,01010000,3090.0
2016-03-29T00:00:00.000,01010000,4030.0
2016-03-30T00:00:00.000,01010000,5680.0
2016-03-31T00:00:00.000,01010000,8000.0
2016-04-01T00:00:00.000,01010000,10600.0
2016-04-02T00:00:00.000,01010000,12600.0
2016-04-03T00:00:00.000,01010000,12800.0
2016-04-04T00:00:00.000,01010000,12000.0
2016-04-05T00:00:00.000,01010000,10100.0
2016-04-06T00:00:00.000,01010000,7610.0
2016-04-07T00:00:00.000,01010000,5830.0
2016-04-08T00:00:00.000,01010000,5450.0
2016-04-09T00:00:00.000,01010000,7260.0
2016-04-10T00:00:00.000,01010000,7510.0
2016-04-11T00:00:00.000,01010000,6540.0
2016-04-12T00:00:00.000,01010000,5540.0
2016-04-13T00:00:00.000,01010000,6040.0
2016-04-14T00:00:00.000,01010000,6830.0
2016-04-15T00:00:00.000,01010000,7010.0
2016-04-16T00:00:00.000,01010000,7460.0
2016-04-17T00:00:00.000,01010000,8710.0
2016-04-18T00:00:00.000,01010000,11800.0
2016-04-19T00:00:00.000,01010000,13500.0
2016-04-20T00:00:00.000,01010000,12500.0
2016-04-21T00:00:00.000,01010000,11600.0
2016-04-22T00:00:00.000,01010000,12900.0
2016-04-23T00:00:00.000,01010000,14400.0
2016-04-24T00:00:00.000,01010000,13500.0
2016-04-25T00:00:00.000,01010000,10400.0
2016-04-26T00:00:00.000,01010000,7690.0
2016-04-27T00:00:00.000,01010000,5990.0
2016-04-28T00:00:00.000,01010000,4860.0
2016-04-29T00:00:00.000,01010000,4010.0
2016-04-30T00:00:00.000,01010000,3550.0
2016-05-01T00:00:00.000,01010000,3490.0
2016-05-02T00:00:00.000,01010000,4070.0
2016-05-03T00:00:00.000,01010000,5660.0
2016-05-04T00:00:00.000,01010000,6200.0
2016-05-05T00:00:00.000,01010000,6020.0
2016-05-06T00:00:00.000,01010000,6070.0
2016-05-07T00:00:00.000,01010000,6150.0
2016-05-08T00:00:00.000,01010000,6170.0
2016-05-09T00:00:00.000,01010000,6240.0
2016-05-10T00:00:00.000,01010000,5030.0
2016-05-11T00:00:00.000,01010000,3910.0
2016-05-12T00:00:00.000,01010000,3200.0
2016-05-13T00:00:00.000,01010000,2770.0
2016-05-14T00:00:00.000,01010000,2960.0
2016-05-15T00:00:00.000,01010000,3470.0
2016-05-16T00:00:00.000,01010000,4110.0
2016-05-17T00:00:00.000,01010000,3820.0
2016-05-18T00:00:00.000,01010000,3180.0
2016-05-19T00:00:00.000,01010000,2650.0
2016-05-20T00:00:00.000,01010000,2180.0
2016-05-21T00:00:00.000,01010000,1800.0
2016-05-22T00:00:00.000,01010000,1510.0
2016-05-23T00:00:00.000,01010000,1240.0
2016-05-24T00:00:00.000,01010000,1040.0
2016-05-25T00:00:00.000,01010000,891.0
2016-05-26T00:00:00.000,01010000,773.0
2016-05-27T00:00:00.000,01010000,715.0
2016-05-28T00:00:00.000,01010000,766.0
2016-05-29T00:00:00.000,01010000,936.0
2016-05-30T00:00:00.000,01010000,1070.0
2016-05-31T00:00:00.000,01010000,1250.0
2016-06-01T00:00:00.000,01010000,1060.0
2016-06-02T00:00:00.000,01010000,854.0
2016-06-03T00:00:00.000,01010000,711.0
2016-06-04T00:00:00.000,01010000,695.0
2016-06-05T00:00:00.000,01010000,685.0
2016-06-06T00:00:00.000,01010000,1850.0
2016-06-07T00:00:00.000,01010000,4110.0
2016-06-08T00:00:00.000,01010000,3280.0
2016-06-09T00:00:00.000,01010000,2410.0
2016-06-10T00:00:00.000,01010000,1800.0
2016-06-11T00:00:00.000,01010000,1450.0
2016-06-12T00:00:00.000,01010000,1350.0
2016-06-13T00:00:00.000,01010000,2270.0
2016-06-14T00:00:00.000,01010000,2720.0
2016-06-15T00:00:00.000,01010000,2440.0
2016-06-16T00:00:00.000,01010000,1780.0
2016-06-17T00:00:00.000,01010000,1270.0
2016-06-18T00:00:00.000,01010000,941.0
2016-06-19T00:00:00.000,01010000,736.0
2016-06-20T00:00:00.000,01010000,602.0
2016-06-21T00:00:00.000,01010000,537.0
2016-06-22T00:00:00.000,01010000,553.0
2016-06-23T00:00:00.000,01010000,511.0
2016-06-24T00:00:00.000,01010000,446.0
2016-06-25T00:00:00.000,01010000,386.0
2016-06-26T00:00:00.000,01010000,331.0
2016-06-27T00:00:00.000,01010000,289.0
2016-06-28T00:00:00.000,01010000,259.0
2016-06-29T00:00:00.000,01010000,265.0
2016-06-30T00:00:00.000,01010000,344.0
2016-07-01T00:00:00.000,01010000,786.0
2016-07-02T00:00:00.000,01010000,977.0
2016-07-03T00:00:00.000,01010000,941.0
2016-07-04T00:00:00.000,01010000,868.0
2016-07-05T00:00:00.000,01010000,752.0
2016-07-06T00:00:00.000,01010000,626.0
2016-07-07T00:00:00.000,01010000,656.0
2016-07-08T00:00:00.000,01010000,1660.0
2016-07-09T00:00:00.000,01010000,2100.0
2016-07-10T00:00:00.000,01010000,1950.0
2016-07-11T00:00:00.000,01010000,3520.0
2016-07-12T00:00:00.000,01010000,3540.0
2016-07-13T00:00:00.000,01010000,2450.0
2016-07-14T00:00:00.000,01010000,1720.0
2016-07-15T00:00:00.000,01010000,2290.0
2016-07-16T00:00:00.000,01010000,2580.0
2016-07-17T00:00:00.000,01010000,1830.0
2016-07-18T00:00:00.000,01010000,1410.0
2016-07-19T00:00:00.000,01010000,1240.0
2016-07-20T00:00:00.000,01010000,1010.0
2016-07-21T00:00:00.000,01010000,775.0
2016-07-22T00:00:00.000,01010000,620.0
2016-07-23T00:00:00.000,01010000,529.0
2016-07-24T00:00:00.000,01010000,651.0
2016-07-25T00:00:00.000,01010000,791.0
2016-07-26T00:00:00.000,01010000,674.0
2016-07-27T00:00:00.000,01010000,1400.0
2016-07-28T00:00:00.000,01010000,1320.0
2016-07-29T00:00:00.000,01010000,859.0
2016-07-30T00:00:00.000,01010000,604.0
2016-07-31T00:00:00.000,01010000,468.0
2016-08-01T00:00:00.000,01010000,371.0
2016-08-02T00:00:00.000,01010000,306.0
2016-08-03T00:00:00.000,01010000,258.0
2016-08-04T00:00:00.000,01010000,223.0
2016-08-05T00:00:00.000,01010000,194.0
2016-08-06T00:00:00.000,01010000,195.0
2016-08-07T00:00:00.000,01010000,202.0
2016-08-08T00:00:00.000,01010000,222.0
2016-08-09T00:00:00.000,01010000,184.0
2016-08-10T00:00:00.000,01010000,169.0
2016-08-11T00:00:00.000,01010000,157.0
2016-08-12T00:00:00.000,01010000,187.0
2016-08-13T00:00:00.000,01010000,291.0
2016-08-14T00:00:00.000,01010000,1390.0
2016-08-15T00:00:00.000,01010000,6190.0
2016-08-16T00:00:00.000,01010000,5650.0
2016-08-17T00:00:00.000,01010000,6050.0
2016-08-18T00:00:00.000,01010000,8250.0
2016-08-19T00:00:00.000,01010000,7110.0
2016-08-20T00:00:00.000,01010000,4780.0
2016-08-21T00:00:00.000,01010000,2830.0
2016-08-22T00:00:00.000,01010000,2250.0
2016-08-23T00:00:00.000,01010000,3560.0
2016-08-24T00:00:00.000,01010000,3260.0
2016-08-25T00:00:00.000,01010000,2260.0
2016-08-26T00:00:00.000,01010000,1640.0
2016-08-27T00:00:00.000,01010000,1290.0
2016-08-28T00:00:00.000,01010000,1040.0
2016-08-29T00:00:00.000,01010000,887.0
2016-08-30T00:00:00.000,01010000,791.0
2016-08-31T00:00:00.000,01010000,688.0
2016-09-01T00:00:00.000,01010000,593.0
2016-09-02T00:00:00.000,01010000,541.0
2016-09-03T00:00:00.000,01010000,542.0
2016-09-04T00:00:00.000,01010000,458.0
2016-09-05T00:00:00.000,01010000,385.0
2016-09-06T00:00:00.000,01010000,335.0
2016-09-07T00:00:00.000,01010000,295.0
2016-09-08T00:00:00.000,01010000,271.0
2016-09-09T00:00:00.000,01010000,333.0
2016-09-10T00:00:00.000,01010000,419.0
2016-09-11T00:00:00.000,01010000,405.0
2016-09-12T00:00:00.000,01010000,444.0
2016-09-13T00:00:00.000,01010000,488.0
2016-09-14T00:00:00.000,01010000,449.0
2016-09-15T00:00:00.000,01010000,458.0
2016-09-16T00:00:00.000,01010000,503.0
2016-09-17T00:00:00.000,01010000,407.0
2016-09-18T00:00:00.000,01010000,359.0
2016-09-19T00:00:00.000,01010000,326.0
2016-09-20T00:00:00.000,01010000,351.0
2016-09-21T00:00:00.000,01010000,457.0
2016-09-22T00:00:00.000,01010000,388.0
2016-09-23T00:00:00.000,01010000,362.0
2016-09-24T00:00:00.000,01010000,378.0
2016-09-25T00:00:00.000,01010000,403.0
2016-09-26T00:00:00.000,01010000,343.0
2016-09-27T00:00:00.000,01010000,300.0
2016-09-28T00:00:00.000,01010000,277.0
2016-09-29T00:00:00.000,01010000,273.0
2016-09-30T00:00:00.000,01010000,259.0
2016-10-01T00:00:00.000,01010000,237.0
2016-10-02T00:00:00.000,01010000,217.0
2016-10-03T00:00:00.000,01010000,200.0
2016-10-04T00:00:00.000,01010000,184.0
2016-10-05T00:00:00.000,01010000,173.0
2016-10-06T00:00:00.000,01010000,165.0
2016-10-07T00:00:00.000,01010000,156.0
2016-10-08T00:00:00.000,01010000,148.0
2016-10-09T00:00:00.000,01010000,141.0
2016-10-10T00:00:00.000,01010000,133.0
2016-10-11T00:00:00.000,01010000,129.0
2016-10-12T00:00:00.000,01010000,122.0
2016-10-13T00:00:00.000,01010000,119.0
2016-10-14T00:00:00.000,01010000,118.0
2016-10-15T00:00:00.000,01010000,120.0
2016-10-16T00:00:00.000,01010000,136.0
2016-10-17T00:00:00.000,01010000,167.0
2016-10-18T00:00:00.000,01010000,357.0
2016-10-19T00:00:00.000,01010000,490.0
2016-10-20T00:00:00.000,01010000,784.0
2016-10-21T00:00:00.000,01010000,2720.0
2016-10-22T00:00:00.000,01010000,14500.0
2016-10-23T00:00:00.000,01010000,20600.0
2016-10-24T00:00:00.000,01010000,16900.0
2016-10-25T00:00:00.000,01010000,11400.0
2016-10-26T00:00:00.000,01010000,7040.0
2016-10-27T00:00:00.000,01010000,4890.0
2016-10-28T00:00:00.000,01010000,3730.0
2016-10-29T00:00:00.000,01010000,3180.0
2016-10-30T00:00:00.000,01010000,3110.0
2016-10-31T00:00:00.000,01010000,3220.0
2016-11-01T00:00:00.000,01010000,2880.0
2016-11-02T00:00:00.000,01010000,2890.0
2016-11-03T00:00:00.000,01010000,3680.0
2016-11-04T00:00:00.000,01010000,4510.0
2016-11-05T00:00:00.000,01010000,4410.0
2016-11-06T00:00:00.000,01010000,3590.0
2016-11-07T00:00:00.000,01010000,2900.0
2016-11-08T00:00:00.000,01010000,2440.0
2016-11-09T00:00:00.000,01010000,2140.0
2016-11-10T00:00:00.000,01010000,1900.0
2016-11-11T00:00:00.000,01010000,1730.0
2016-11-12T00:00:00.000,01010000,1780.0
2016-11-13T00:00:00.000,01010000,1690.0
2016-11-14T00:00:00.000,01010000,1530.0
2016-11-15T00:00:00.000,01010000,1380.0
2016-11-16T00:00:00.000,01010000,1560.0
2016-11-17T00:00:00.000,01010000,4950.0
2016-11-18T00:00:00.000,01010000,4900.0
2016-11-19T00:00:00.000,01010000,3760.0
2016-11-20T00:00:00.000,01010000,3010.0
2016-11-21T00:00:00.000,01010000,3040.0
2016-11-22T00:00:00.000,01010000,3070.0
2016-11-23T00:00:00.000,01010000,2670.0
2016-11-24T00:00:00.000,01010000,2260.0
2016-11-25T00:00:00.000,01010000,1970.0
2016-11-26T00:00:00.000,01010000,1790.0
2016-11-27T00:00:00.000,01010000,1710.0
2016-11-28T00:00:00.000,01010000,1700.0
2016-11-29T00:00:00.000,01010000,1670.0
2016-11-30T00:00:00.000,01010000,1600.0
2016-12-01T00:00:00.000,01010000,1630.0
2016-12-02T00:00:00.000,01010000,1540.0
2016-12-03T00:00:00.000,01010000,1480.0
2016-12-04T00:00:00.000,01010000,1380.0
2016-12-05T00:00:00.000,01010000,1290.0
2016-12-06T00:00:00.000,01010000,1210.0
2016-12-07T00:00:00.000,01010000,1140.0
2016-12-08T00:00:00.000,01010000,1100.0
2016-12-09T00:00:00.000,01010000,1010.0
2016-12-10T00:00:00.000,01010000,703.0
2016-12-11T00:00:00.000,01010000,490.0
2016-12-12T00:00:00.000,01010000,434.0
2016-12-13T00:00:00.000,01010000,632.0
2016-12-14T00:00:00.000,01010000,734.0
2016-12-15T00:00:00.000,01010000,720.0
2016-12-16T00:00:00.000,01010000,702.0
2016-12-17T00:00:00.000,01010000,688.0
2016-12-18T00:00:00.000,01010000,670.0
2016-12-19T00:00:00.000,01010000,655.0
2016-12-20T00:00:00.000,01010000,648.0
2016-12-21T00:00:00.000,01010000,645.0
2016-12-22T00:00:00.000,01010000,635.0
2016-12-23T00:00:00.000,01010000,629.0
2016-12-24T00:00:00.000,01010000,621.0
2016-12-25T00:00:00.000,01010000,610.0
2016-12-26T00:00:00.000,01010000,606.0
2016-12-27T00:00:00.000,01010000,604.0
2016-12-28T00:00:00.000,01010000,621.0
2016-12-29T00:00:00.000,01010000,703.0
2016-12-30T00:00:00.000,01010000,802.0
2016-12-31T00:00:00.000,01010000,840.0
2017-01-01T00:00:00.000,01010000,823.0
2017-01-02T00:00:00.000,01010000,794.0
2017-01-03T00:00:00.000,01010000,767.0
2017-01-04T00:00:00.000,01010000,741.0
2017-01-05T00:00:00.000,01010000,729.0
2017-01-06T00:00:00.000,01010000,728.0
2017-01-07T00:00:00.000,01010000,720.0
2017-01-08T00:00:00.000,01010000,703.0
2017-01-09T00:00:00.000,01010000,682.0
2017-01-10T00:00:00.000,01010000,671.0
2017-01-11T00:00:00.000,01010000,656.0
2017-01-12T00:00:00.000,01010000,667.0
2017-01-13T00:00:00.000,01010000,789.0
2017-01-14T00:00:00.000,01010000,939.0
2017-01-15T00:00:00.000,01010000,1100.0
2017-01-16T00:00:00.000,01010000,1220.0
2017-01-17T00:00:00.000,01010000,1220.0
2017-01-18T00:00:00.000,01010000,1180.0
2017-01-19T00:00:00.000,01010000,1130.0
2017-01-20T00:00:00.000,01010000,1090.0
2017-01-21T00:00:00.000,01010000,1060.0
2017-01-22T00:00:00.000,01010000,1020.0
2017-01-23T00:00:00.000,01010000,992.0
2017-01-24T00:00:00.000,01010000,963.0
2017-01-25T00:00:00.000,01010000,948.0
2017-01-26T00:00:00.000,01010000,948.0
2017-01-27T00:00:00.000,01010000,944.0
2017-01-28T00:00:00.000,01010000,928.0
2017-01-29T00:00:00.000,01010000,910.0
2017-01-30T00:00:00.000,01010000,895.0
2017-01-31T00:00:00.000,01010000,881.0
2017-02-01T00:00:00.000,01010000,874.0
2017-02-02T00:00:00.000,01010000,864.0
2017-02-03T00:00:00.000,01010000,853.0
2017-02-04T00:00:00.000,01010000,840.0
2017-02-05T00:00:00.000,01010000,831.0
2017-02-06T00:00:00.000,01010000,822.0
2017-02-07T00:00:00.000,01010000,816.0
2017-02-08T00:00:00.000,01010000,810.0
2017-02-09T00:00:00.000,01010000,806.0
2017-02-10T00:00:00.000,01010000,798.0
2017-02-11T00:00:00.000,01010000,795.0
2017-02-12T00:00:00.000,01010000,790.0
2017-02-13T00:00:00.000,01010000,786.0
2017-02-14T00:00:00.000,01010000,782.0
2017-02-15T00:00:00.000,01010000,782.0
2017-02-16T00:00:00.000,01010000,781.0
2017-02-17T00:00:00.000,01010000,780.0
2017-02-18T00:00:00.000,01010000,780.0
2017-02-19T00:00:00.000,01010000,784.0
2017-02-20T00:00:00.000,01010000,798.0
2017-02-21T00:00:00.000,01010000,812.0
2017-02-22T00:00:00.000,01010000,829.0
2017-02-23T00:00:00.000,01010000,852.0
2017-02-24T00:00:00.000,01010000,932.0
2017-02-25T00:00:00.000,01010000,1090.0
2017-02-26T00:00:00.000,01010000,1420.0
2017-02-27T00:00:00.000,01010000,1880.0
2017-02-28T00:00:00.000,01010000,2260.0
2017-03-01T00:00:00.000,01010000,2410.0
2017-03-02T00:00:00.000,01010000,2450.0
2017-03-03T00:00:00.000,01010000,2350.0
2017-03-04T00:00:00.000,01010000,2190.0
2017-03-05T00:00:00.000,01010000,2040.0
2017-03-06T00:00:00.000,01010000,1910.0
2017-03-07T00:00:00.000,01010000,1800.0
2017-03-08T00:00:00.000,01010000,1680.0
2017-03-09T00:00:00.000,01010000,1620.0
2017-03-10T00:00:00.000,01010000,1570.0
2017-03-11T00:00:00.000,01010000,1480.0
2017-03-12T00:00:00.000,01010000,1370.0
2017-03-13T00:00:00.000,01010000,1280.0
2017-03-14T00:00:00.000,01010000,1210.0
2017-03-15T00:00:00.000,01010000,1160.0
2017-03-16T00:00:00.000,01010000,1100.0
2017-03-17T00:00:00.000,01010000,1060.0
2017-03-18T00:00:00.000,01010000,1020.0
2017-03-19T00:00:00.000,01010000,986.0
2017-03-20T00:00:00.000,01010000,956.0
2017-03-21T00:00:00.000,01010000,933.0
2017-03-22T00:00:00.000,01010000,922.0
2017-03-23T00:00:00.000,01010000,908.0
2017-03-24T00:00:00.000,01010000,899.0
2017-03-25T00:00:00.000,01010000,892.0
2017-03-26T00:00:00.000,01010000,882.0
2017-03-27T00:00:00.000,01010000,875.0
2017-03-28T00:00:00.000,01010000,865.0
2017-03-29T00:00:00.000,01010000,863.0
2017-03-30T00:00:00.000,01010000,859.0
2017-03-31T00:00:00.000,01010000,855.0
2017-04-01T00:00:00.000,01010000,855.0
2017-04-02T00:00:00.000,01010000,848.0
2017-04-03T00:00:00.000,01010000,848.0
2017-04-04T00:00:00.000,01010000,891.0
2017-04-05T00:00:00.000,01010000,939.0
2017-04-06T00:00:00.000,01010000,951.0
2017-04-07T00:00:00.000,01010000,1040.0
2017-04-08T00:00:00.000,01010000,1460.0
2017-04-09T00:00:00.000,01010000,2620.0
2017-04-10T00:00:00.000,01010000,5340.0
2017-04-11T00:00:00.000,01010000,9060.0
2017-04-12T00:00:00.000,01010000,12700.0
2017-04-13T00:00:00.000,01010000,15100.0
2017-04-14T00:00:00.000,01010000,15800.0
2017-04-15T00:00:00.000,01010000,16700.0
2017-04-16T00:00:00.000,01010000,17900.0
2017-04-17T00:00:00.000,01010000,22400.0
2017-04-18T00:00:00.000,01010000,22300.0
2017-04-19T00:00:00.000,01010000,18400.0
2017-04-20T00:00:00.000,01010000,14300.0
2017-04-21T00:00:00.000,01010000,11900.0
2017-04-22T00:00:00.000,01010000,11000.0
2017-04-23T00:00:00.000,01010000,10800.0
2017-04-24T00:00:00.000,01010000,12200.0
2017-04-25T00:00:00.000,01010000,12100.0
2017-04-26T00:00:00.000,01010000,13300.0
2017-04-27T00:00:00.000,01010000,21200.0
2017-04-28T00:00:00.000,01010000,23100.0
2017-04-29T00:00:00.000,01010000,22900.0
2017-04-30T00:00:00.000,01010000,20000.0
2017-05-01T00:00:00.000,01010000,16400.0
2017-05-02T00:00:00.000,01010000,19400.0
2017-05-03T00:00:00.000,01010000,19600.0
2017-05-04T00:00:00.000,01010000,16100.0
2017-05-05T00:00:00.000,01010000,11900.0
2017-05-06T00:00:00.000,01010000,9400.0
2017-05-07T00:00:00.000,01010000,9730.0
2017-05-08T00:00:00.000,01010000,9950.0
2017-05-09T00:00:00.000,01010000,8540.0
2017-05-10T00:00:00.000,01010000,7000.0
2017-05-11T00:00:00.000,01010000,6320.0
2017-05-12T00:00:00.000,01010000,5730.0
2017-05-13T00:00:00.000,01010000,4930.0
2017-05-14T00:00:00.000,01010000,4150.0
2017-05-15T00:00:00.000,01010000,5120.0
2017-05-16T00:00:00.000,01010000,7130.0
2017-05-17T00:00:00.000,01010000,6200.0
2017-05-18T00:00:00.000,01010000,4950.0
2017-05-19T00:00:00.000,01010000,4200.0
2017-05-20T00:00:00.000,01010000,3510.0
2017-05-21T00:00:00.000,01010000,2730.0
2017-05-22T00:00:00.000,01010000,2190.0
2017-05-23T00:00:00.000,01010000,1870.0
2017-05-24T00:00:00.000,01010000,1630.0
2017-05-25T00:00:00.000,01010000,1400.0
2017-05-26T00:00:00.000,01010000,1380.0
2017-05-27T00:00:00.000,01010000,3450.0
2017-05-28T00:00:00.000,01010000,3800.0
2017-05-29T00:00:00.000,01010000,2870.0
2017-05-30T00:00:00.000,01010000,2140.0
2017-05-31T00:00:00.000,01010000,1830.0
2017-06-01T00:00:00.000,01010000,2100.0
2017-06-02T00:00:00.000,01010000,2210.0
2017-06-03T00:00:00.000,01010000,1900.0
2017-06-04T00:00:00.000,01010000,1620.0
2017-06-05T00:00:00.000,01010000,1450.0
2017-06-06T00:00:00.000,01010000,1310.0
2017-06-07T00:00:00.000,01010000,1120.0
2017-06-08T00:00:00.000,01010000,937.0
2017-06-09T00:00:00.000,01010000,798.0
2017-06-10T00:00:00.000,01010000,749.0
2017-06-11T00:00:00.000,01010000,807.0
2017-06-12T00:00:00.000,01010000,737.0
2017-06-13T00:00:00.000,01010000,619.0
2017-06-14T00:00:00.000,01010000,542.0
2017-06-15T00:00:00.000,01010000,581.0
2017-06-16T00:00:00.000,01010000,514.0
2017-06-17T00:00:00.000,01010000,749.0
2017-06-18T00:00:00.000,01010000,1800.0
2017-06-19T00:00:00.000,01010000,1490.0
2017-06-20T00:00:00.000,01010000,1180.0
2017-06-21T00:00:00.000,01010000,1520.0
2017-06-22T00:00:00.000,01010000,1440.0
2017-06-23T00:00:00.000,01010000,1220.0
2017-06-24T00:00:00.000,01010000,1570.0
2017-06-25T00:00:00.000,01010000,3370.0
2017-06-26T00:00:00.000,01010000,2940.0
2017-06-27T00:00:00.000,01010000,2070.0
2017-06-28T00:00:00.000,01010000,1710.0
2017-06-29T00:00:00.000,01010000,1740.0
2017-06-30T00:00:00.000,01010000,1710.0
2017-07-01T00:00:00.000,01010000,1680.0
2017-07-02T00:00:00.000,01010000,1980.0
2017-07-03T00:00:00.000,01010000,1840.0
2017-07-04T00:00:00.000,01010000,1830.0
2017-07-05T00:00:00.000,01010000,1690.0
2017-07-06T00:00:00.000,01010000,1290.0
2017-07-07T00:00:00.000,01010000,1010.0
2017-07-08T00:00:00.000,01010000,1270.0
2017-07-09T00:00:00.000,01010000,2100.0
2017-07-10T00:00:00.000,01010000,2520.0
2017-07-11T00:00:00.000,01010000,2670.0
2017-07-12T00:00:00.000,01010000,2110.0
2017-07-13T00:00:00.000,01010000,1580.0
2017-07-14T00:00:00.000,01010000,1210.0
2017-07-15T00:00:00.000,01010000,944.0
2017-07-16T00:00:00.000,01010000,770.0
2017-07-17T00:00:00.000,01010000,694.0
2017-07-18T00:00:00.000,01010000,914.0
2017-07-19T00:00:00.000,01010000,1200.0
2017-07-20T00:00:00.000,01010000,1010.0
2017-07-21T00:00:00.000,01010000,776.0
2017-07-22T00:00:00.000,01010000,652.0
2017-07-23T00:00:00.000,01010000,639.0
2017-07-24T00:00:00.000,01010000,656.0
2017-07-25T00:00:00.000,01010000,510.0
2017-07-26T00:00:00.000,01010000,414.0
2017-07-27T00:00:00.000,01010000,358.0
2017-07-28T00:00:00.000,01010000,313.0
2017-07-29T00:00:00.000,01010000,283.0
2017-07-30T00:00:00.000,01010000,254.0
2017-07-31T00:00:00.000,01010000,223.0
2017-08-01T00:00:00.000,01010000,197.0
2017-08-02T00:00:00.000,01010000,174.0
2017-08-03T00:00:00.000,01010000,154.0
2017-08-04T00:00:00.000,01010000,141.0
2017-08-05T00:00:00.000,01010000,137.0
2017-08-06T00:00:00.000,01010000,156.0
2017-08-07T00:00:00.000,01010000,249.0
2017-08-08T00:00:00.000,01010000,292.0
2017-08-09T00:00:00.000,01010000,276.0
2017-08-10T00:00:00.000,01010000,216.0
2017-08-11T00:00:00.000,01010000,177.0
2017-08-12T00:00:00.000,01010000,175.0
2017-08-13T00:00:00.000,01010000,188.0
2017-08-14T00:00:00.000,01010000,339.0
2017-08-15T00:00:00.000,01010000,462.0
2017-08-16T00:00:00.000,01010000,377.0
2017-08-17T00:00:00.000,01010000,306.0
2017-08-18T00:00:00.000,01010000,267.0
2017-08-19T00:00:00.000,01010000,243.0
2017-08-20T00:00:00.000,01010000,239.0
2017-08-21T00:00:00.000,01010000,277.0
2017-08-22T00:00:00.000,01010000,272.0
2017-08-23T00:00:00.000,01010000,264.0
2017-08-24T00:00:00.000,01010000,361.0
2017-08-25T00:00:00.000,01010000,636.0
2017-08-26T00:00:00.000,01010000,460.0
2017-08-27T00:00:00.000,01010000,338.0
2017-08-28T00:00:00.000,01010000,261.0
2017-08-29T00:00:00.000,01010000,208.0
2017-08-30T00:00:00.000,01010000,173.0
2017-08-31T00:00:00.000,01010000,152.0
2017-09-01T00:00:00.000,01010000,137.0
2017-09-02T00:00:00.000,01010000,121.0
2017-09-03T00:00:00.000,01010000,115.0
2017-09-04T00:00:00.000,01010000,137.0
2017-09-05T00:00:00.000,01010000,150.0
2017-09-06T00:00:00.000,01010000,184.0
2017-09-07T00:00:00.000,01010000,371.0
2017-09-08T00:00:00.000,01010000,875.0
2017-09-09T00:00:00.000,01010000,1160.0
2017-09-10T00:00:00.000,01010000,932.0
2017-09-11T00:00:00.000,01010000,791.0
2017-09-12T00:00:00.000,01010000,649.0
2017-09-13T00:00:00.000,01010000,501.0
2017-09-14T00:00:00.000,01010000,396.0
2017-09-15T00:00:00.000,01010000,324.0
2017-09-16T00:00:00.000,01010000,271.0
2017-09-17T00:00:00.000,01010000,234.0
2017-09-18T00:00:00.000,01010000,205.0
2017-09-19T00:00:00.000,01010000,184.0
2017-09-20T00:00:00.000,01010000,166.0
2017-09-21T00:00:00.000,01010000,150.0
2017-09-22T00:00:00.000,01010000,139.0
2017-09-23T00:00:00.000,01010000,129.0
2017-09-24T00:00:00.000,01010000,120.0
2017-09-25T00:00:00.000,01010000,110.0
2017-09-26T00:00:00.000,01010000,101.0
2017-09-27T00:00:00.000,01010000,100.0
2017-09-28T00:00:00.000,01010000,96.5
2017-09-29T00:00:00.000,01010000,97.2
2017-09-30T00:00:00.000,01010000,97.3
2017-10-01T00:00:00.000,01010000,123.0
2017-10-02T00:00:00.000,01010000,128.0
2017-10-03T00:00:00.000,01010000,111.0
2017-10-04T00:00:00.000,01010000,105.0
2017-10-05T00:00:00.000,01010000,129.0
2017-10-06T00:00:00.000,01010000,208.0
2017-10-07T00:00:00.000,01010000,396.0
2017-10-08T00:00:00.000,01010000,367.0
2017-10-09T00:00:00.000,01010000,336.0
2017-10-10T00:00:00.000,01010000,1030.0
2017-10-11T00:00:00.000,01010000,2050.0
2017-10-12T00:00:00.000,01010000,1620.0
2017-10-13T00:00:00.000,01010000,1130.0
2017-10-14T00:00:00.000,01010000,838.0
2017-10-15T00:00:00.000,01010000,713.0
2017-10-16T00:00:00.000,01010000,1250.0
2017-10-17T00:00:00.000,01010000,2040.0
2017-10-18T00:00:00.000,01010000,1800.0
2017-10-19T00:00:00.000,01010000,1350.0
2017-10-20T00:00:00.000,01010000,1010.0
2017-10-21T00:00:00.000,01010000,803.0
2017-10-22T00:00:00.000,01010000,659.0
2017-10-23T00:00:00.000,01010000,560.0
2017-10-24T00:00:00.000,01010000,495.0
2017-10-25T00:00:00.000,01010000,1800.0
2017-10-26T00:00:00.000,01010000,9400.0
2017-10-27T00:00:00.000,01010000,18200.0
2017-10-28T00:00:00.000,01010000,18600.0
2017-10-29T00:00:00.000,01010000,13400.0
2017-10-30T00:00:00.000,01010000,10300.0
2017-10-31T00:00:00.000,01010000,11900.0
2017-11-01T00:00:00.000,01010000,10400.0
2017-11-02T00:00:00.000,01010000,8320.0
2017-11-03T00:00:00.000,01010000,11000.0
2017-11-04T00:00:00.000,01010000,12500.0
2017-11-05T00:00:00.000,01010000,9360.0
2017-11-06T00:00:00.000,01010000,7990.0
2017-11-07T00:00:00.000,01010000,9160.0
2017-11-08T00:00:00.000,01010000,7200.0
2017-11-09T00:00:00.000,01010000,5350.0
2017-11-10T00:00:00.000,01010000,4180.0
2017-11-11T00:00:00.000,01010000,3180.0
2017-11-12T00:00:00.000,01010000,2520.0
2017-11-13T00:00:00.000,01010000,2120.0
2017-11-14T00:00:00.000,01010000,1830.0
2017-11-15T00:00:00.000,01010000,1650.0
2017-11-16T00:00:00.000,01010000,1510.0
2017-11-17T00:00:00.000,01010000,1370.0
2017-11-18T00:00:00.000,01010000,1140.0
2017-11-19T00:00:00.000,01010000,1230.0
2017-11-20T00:00:00.000,01010000,1300.0
2017-11-21T00:00:00.000,01010000,1250.0
2017-11-22T00:00:00.000,01010000,1160.0
2017-11-23T00:00:00.000,01010000,1080.0
2017-11-24T00:00:00.000,01010000,1010.0
2017-11-25T00:00:00.000,01010000,977.0
2017-11-26T00:00:00.000,01010000,945.0
2017-11-27T00:00:00.000,01010000,912.0
2017-11-28T00:00:00.000,01010000,780.0
2017-11-29T00:00:00.000,01010000,843.0
2017-11-30T00:00:00.000,01010000,845.0
2017-12-01T00:00:00.000,01010000,802.0
2017-12-02T00:00:00.000,01010000,767.0
2017-12-03T00:00:00.000,01010000,737.0
2017-12-04T00:00:00.000,01010000,713.0
2017-12-05T00:00:00.000,01010000,694.0
2017-12-06T00:00:00.000,01010000,726.0
2017-12-07T00:00:00.000,01010000,808.0
2017-12-08T00:00:00.000,01010000,832.0
2017-12-09T00:00:00.000,01010000,800.0
2017-12-10T00:00:00.000,01010000,768.0
2017-12-11T00:00:00.000,01010000,739.0
2017-12-12T00:00:00.000,01010000,712.0
2017-12-13T00:00:00.000,01010000,688.0
2017-12-14T00:00:00.000,01010000,667.0
2017-12-15T00:00:00.000,01010000,647.0
2017-12-16T00:00:00.000,01010000,628.0
2017-12-17T00:00:00.000,01010000,610.0
2017-12-18T00:00:00.000,01010000,591.0
2017-12-19T00:00:00.000,01010000,574.0
2017-12-20T00:00:00.000,01010000,559.0
2017-12-21T00:00:00.000,01010000,544.0
2017-12-22T00:00:00.000,01010000,533.0
2017-12-23T00:00:00.000,01010000,521.0
2017-12-24T00:00:00.000,01010000,510.0
2017-12-25T00:00:00.000,01010000,496.0
2017-12-26T00:00:00.000,01010000,480.0
2017-12-27T00:00:00.000,01010000,465.0
2017-12-28T00:00:00.000,01010000,453.0
2017-12-29T00:00:00.000,01010000,441.0
2017-12-30T00:00:00.000,01010000,432.0
2017-12-31T00:00:00.000,01010000,421.0
2018-01-01T00:00:00.000,01010000,410.0
2018-01-02T00:00:00.000,01010000,402.0
2018-01-03T00:00:00.000,01010000,394.0
2018-01-04T00:00:00.000,01010000,389.0
2018-01-05T00:00:00.000,01010000,383.0
2018-01-06T00:00:00.000,01010000,378.0
2018-01-07T00:00:00.000,01010000,373.0
2018-01-08T00:00:00.000,01010000,367.0
2018-01-09T00:00:00.000,01010000,360.0
2018-01-10T00:00:00.000,01010000,353.0
2018-01-11T00:00:00.000,01010000,351.0
2018-01-12T00:00:00.000,01010000,375.0
2018-01-13T00:00:00.000,01010000,495.0
2018-01-14T00:00:00.000,01010000,691.0
2018-01-15T00:00:00.000,01010000,970.0
2018-01-16T00:00:00.000,01010000,1270.0
2018-01-17T00:00:00.000,01010000,1430.0
2018-01-18T00:00:00.000,01010000,1450.0
2018-01-19T00:00:00.000,01010000,1410.0
2018-01-20T00:00:00.000,01010000,1330.0
2018-01-21T00:00:00.000,01010000,1240.0
2018-01-22T00:00:00.000,01010000,1170.0
2018-01-23T00:00:00.000,01010000,1120.0
2018-01-24T00:00:00.000,01010000,1070.0
2018-01-25T00:00:00.000,01010000,1020.0
2018-01-26T00:00:00.000,01010000,982.0
2018-01-27T00:00:00.000,01010000,953.0
2018-01-28T00:00:00.000,01010000,929.0
2018-01-29T00:00:00.000,01010000,908.0
2018-01-30T00:00:00.000,01010000,892.0
2018-01-31T00:00:00.000,01010000,877.0
2018-02-01T00:00:00.000,01010000,866.0
2018-02-02T00:00:00.000,01010000,854.0
2018-02-03T00:00:00.000,01010000,843.0
2018-02-04T00:00:00.000,01010000,832.0
2018-02-05T00:00:00.000,01010000,820.0
2018-02-06T00:00:00.000,01010000,809.0
2018-02-07T00:00:00.000,01010000,797.0
2018-02-08T00:00:00.000,01010000,786.0
2018-02-09T00:00:00.000,01010000,777.0
2018-02-10T00:00:00.000,01010000,769.0
2018-02-11T00:00:00.000,01010000,761.0
2018-02-12T00:00:00.000,01010000,755.0
2018-02-13T00:00:00.000,01010000,748.0
2018-02-14T00:00:00.000,01010000,743.0
2018-02-15T00:00:00.000,01010000,737.0
2018-02-16T00:00:00.000,01010000,732.0
2018-02-17T00:00:00.000,01010000,727.0
2018-02-18T00:00:00.000,01010000,723.0
2018-02-19T00:00:00.000,01010000,718.0
2018-02-20T00:00:00.000,01010000,714.0
2018-02-21T00:00:00.000,01010000,723.0
2018-02-22T00:00:00.000,01010000,795.0
2018-02-23T00:00:00.000,01010000,947.0
2018-02-24T00:00:00.000,01010000,1230.0
2018-02-25T00:00:00.000,01010000,1450.0
2018-02-26T00:00:00.000,01010000,1430.0
2018-02-27T00:00:00.000,01010000,1390.0
2018-02-28T00:00:00.000,01010000,1340.0
2018-03-01T00:00:00.000,01010000,1290.0
2018-03-02T00:00:00.000,01010000,1250.0
2018-03-03T00:00:00.000,01010000,1220.0
2018-03-04T00:00:00.000,01010000,1180.0
2018-03-05T00:00:00.000,01010000,1150.0
2018-03-06T00:00:00.000,01010000,1120.0
2018-03-07T00:00:00.000,01010000,1090.0
2018-03-08T00:00:00.000,01010000,1060.0
2018-03-09T00:00:00.000,01010000,1030.0
2018-03-10T00:00:00.000,01010000,1010.0
2018-03-11T00:00:00.000,01010000,983.0
2018-03-12T00:00:00.000,01010000,965.0
2018-03-13T00:00:00.000,01010000,951.0
2018-03-14T00:00:00.000,01010000,938.0
2018-03-15T00:00:00.000,01010000,924.0
2018-03-16T00:00:00.000,01010000,913.0
2018-03-17T00:00:00.000,01010000,901.0
2018-03-18T00:00:00.000,01010000,890.0
2018-03-19T00:00:00.000,01010000,880.0
2018-03-20T00:00:00.000,01010000,869.0
2018-03-21T00:00:00.000,01010000,850.0
2018-03-22T00:00:00.000,01010000,832.0
2018-03-23T00:00:00.000,01010000,816.0
2018-03-24T00:00:00.000,01010000,803.0
2018-03-25T00:00:00.000,01010000,789.0
2018-03-26T00:00:00.000,01010000,776.0
2018-03-27T00:00:00.000,01010000,763.0
2018-03-28T00:00:00.000,01010000,753.0
2018-03-29T00:00:00.000,01010000,759.0
2018-03-30T00:00:00.000,01010000,793.0
2018-03-31T00:00:00.000,01010000,863.0
2018-04-01T00:00:00.000,01010000,1060.0
2018-04-02T00:00:00.000,01010000,1430.0
2018-04-03T00:00:00.000,01010000,1640.0
2018-04-04T00:00:00.000,01010000,1580.0
2018-04-05T00:00:00.000,01010000,1510.0
2018-04-06T00:00:00.000,01010000,1450.0
2018-04-07T00:00:00.000,01010000,1390.0
2018-04-08T00:00:00.000,01010000,1340.0
2018-04-09T00:00:00.000,01010000,1290.0
2018-04-10T00:00:00.000,01010000,1250.0
2018-04-11T00:00:00.000,01010000,1220.0
2018-04-12T00:00:00.000,01010000,1190.0
2018-04-13T00:00:00.000,01010000,1170.0
2018-04-14T00:00:00.000,01010000,1160.0
2018-04-15T00:00:00.000,01010000,1180.0
2018-04-16T00:00:00.000,01010000,1260.0
2018-04-17T00:00:00.000,01010000,1370.0
2018-04-18T00:00:00.000,01010000,1540.0
2018-04-19T00:00:00.000,01010000,1940.0
2018-04-20T00:00:00.000,01010000,2370.0
2018-04-21T00:00:00.000,01010000,2800.0
2018-04-22T00:00:00.000,01010000,3430.0
2018-04-23T00:00:00.000,01010000,4430.0
2018-04-24T00:00:00.000,01010000,5910.0
2018-04-25T00:00:00.000,01010000,8790.0
2018-04-26T00:00:00.000,01010000,15700.0
2018-04-27T00:00:00.000,01010000,28900.0
2018-04-28T00:00:00.000,01010000,36900.0
2018-04-29T00:00:00.000,01010000,36000.0
2018-04-30T00:00:00.000,01010000,38700.0
2018-05-01T00:00:00.000,01010000,38100.0
2018-05-02T00:00:00.000,01010000,33200.0
2018-05-03T00:00:00.000,01010000,32700.0
2018-05-04T00:00:00.000,01010000,31500.0
2018-05-05T00:00:00.000,01010000,29700.0
2018-05-06T00:00:00.000,01010000,26500.0
2018-05-07T00:00:00.000,01010000,20600.0
2018-05-08T00:00:00.000,01010000,14400.0
2018-05-09T00:00:00.000,01010000,10200.0
2018-05-10T00:00:00.000,01010000,8000.0
2018-05-11T00:00:00.000,01010000,6650.0
2018-05-12T00:00:00.000,01010000,5250.0
2018-05-13T00:00:00.000,01010000,3980.0
2018-05-14T00:00:00.000,01010000,3150.0
2018-05-15T00:00:00.000,01010000,2620.0
2018-05-16T00:00:00.000,01010000,2230.0
2018-05-17T00:00:00.000,01010000,1870.0
2018-05-18T00:00:00.000,01010000,1570.0
2018-05-19T00:00:00.000,01010000,1320.0
2018-05-20T00:00:00.000,01010000,1230.0
2018-05-21T00:00:00.000,01010000,1580.0
2018-05-22T00:00:00.000,01010000,1500.0
2018-05-23T00:00:00.000,01010000,1230.0
2018-05-24T00:00:00.000,01010000,1160.0
2018-05-25T00:00:00.000,01010000,1090.0
2018-05-26T00:00:00.000,01010000,1030.0
2018-05-27T00:00:00.000,01010000,1650.0
2018-05-28T00:00:00.000,01010000,1350.0
2018-05-29T00:00:00.000,01010000,1010.0
2018-05-30T00:00:00.000,01010000,803.0
2018-05-31T00:00:00.000,01010000,649.0
2018-06-01T00:00:00.000,01010000,548.0
2018-06-02T00:00:00.000,01010000,474.0
2018-06-03T00:00:00.000,01010000,424.0
2018-06-04T00:00:00.000,01010000,372.0
2018-06-05T00:00:00.000,01010000,392.0
2018-06-06T00:00:00.000,01010000,617.0
2018-06-07T00:00:00.000,01010000,783.0
2018-06-08T00:00:00.000,01010000,705.0
2018-06-09T00:00:00.000,01010000,573.0
2018-06-10T00:00:00.000,01010000,455.0
2018-06-11T00:00:00.000,01010000,370.0
2018-06-12T00:00:00.000,01010000,306.0
2018-06-13T00:00:00.000,01010000,260.0
2018-06-14T00:00:00.000,01010000,371.0
2018-06-15T00:00:00.000,01010000,1260.0
2018-06-16T00:00:00.000,01010000,1480.0
2018-06-17T00:00:00.000,01010000,998.0
2018-06-18T00:00:00.000,01010000,734.0
2018-06-19T00:00:00.000,01010000,671.0
2018-06-20T00:00:00.000,01010000,627.0
2018-06-21T00:00:00.000,01010000,512.0
2018-06-22T00:00:00.000,01010000,435.0
2018-06-23T00:00:00.000,01010000,369.0
2018-06-24T00:00:00.000,01010000,312.0
2018-06-25T00:00:00.000,01010000,296.0
2018-06-26T00:00:00.000,01010000,345.0
2018-06-27T00:00:00.000,01010000,526.0
2018-06-28T00:00:00.000,01010000,501.0
2018-06-29T00:00:00.000,01010000,406.0
2018-06-30T00:00:00.000,01010000,369.0
2018-07-01T00:00:00.000,01010000,370.0
2018-07-02T00:00:00.000,01010000,450.0
2018-07-03T00:00:00.000,01010000,1730.0
2018-07-04T00:00:00.000,01010000,2370.0
2018-07-05T00:00:00.000,01010000,1750.0
2018-07-06T00:00:00.000,01010000,1190.0
2018-07-07T00:00:00.000,01010000,949.0
2018-07-08T00:00:00.000,01010000,951.0
2018-07-09T00:00:00.000,01010000,720.0
2018-07-10T00:00:00.000,01010000,540.0
2018-07-11T00:00:00.000,01010000,422.0
2018-07-12T00:00:00.000,01010000,346.0
2018-07-13T00:00:00.000,01010000,309.0
2018-07-14T00:00:00.000,01010000,270.0
2018-07-15T00:00:00.000,01010000,249.0
2018-07-16T00:00:00.000,01010000,428.0
2018-07-17T00:00:00.000,01010000,713.0
2018-07-18T00:00:00.000,01010000,781.0
2018-07-19T00:00:00.000,01010000,1190.0
2018-07-20T00:00:00.000,01010000,879.0
2018-07-21T00:00:00.000,01010000,612.0
2018-07-22T00:00:00.000,01010000,452.0
2018-07-23T00:00:00.000,01010000,371.0
2018-07-24T00:00:00.000,01010000,325.0
2018-07-25T00:00:00.000,01010000,301.0
2018-07-26T00:00:00.000,01010000,370.0
2018-07-27T00:00:00.000,01010000,1070.0
2018-07-28T00:00:00.000,01010000,1010.0
2018-07-29T00:00:00.000,01010000,761.0
2018-07-30T00:00:00.000,01010000,618.0
2018-07-31T00:00:00.000,01010000,496.0
2018-08-01T00:00:00.000,01010000,401.0
2018-08-02T00:00:00.000,01010000,334.0
2018-08-03T00:00:00.000,01010000,283.0
2018-08-04T00:00:00.000,01010000,249.0
2018-08-05T00:00:00.000,01010000,226.0
2018-08-06T00:00:00.000,01010000,214.0
2018-08-07T00:00:00.000,01010000,211.0
2018-08-08T00:00:00.000,01010000,196.0
2018-08-09T00:00:00.000,01010000,604.0
2018-08-10T00:00:00.000,01010000,1920.0
2018-08-11T00:00:00.000,01010000,1580.0
2018-08-12T00:00:00.000,01010000,973.0
2018-08-13T00:00:00.000,01010000,631.0
2018-08-14T00:00:00.000,01010000,452.0
2018-08-15T00:00:00.000,01010000,429.0
2018-08-16T00:00:00.000,01010000,383.0
2018-08-17T00:00:00.000,01010000,391.0
2018-08-18T00:00:00.000,01010000,565.0
2018-08-19T00:00:00.000,01010000,799.0
2018-08-20T00:00:00.000,01010000,657.0
2018-08-21T00:00:00.000,01010000,467.0
2018-08-22T00:00:00.000,01010000,383.0
2018-08-23T00:00:00.000,01010000,375.0
2018-08-24T00:00:00.000,01010000,412.0
2018-08-25T00:00:00.000,01010000,354.0
2018-08-26T00:00:00.000,01010000,288.0
2018-08-27T00:00:00.000,01010000,234.0
2018-08-28T00:00:00.000,01010000,198.0
2018-08-29T00:00:00.000,01010000,231.0
2018-08-30T00:00:00.000,01010000,319.0
2018-08-31T00:00:00.000,01010000,421.0
2018-09-01T00:00:00.000,01010000,541.0
2018-09-02T00:00:00.000,01010000,398.0
2018-09-03T00:00:00.000,01010000,335.0
2018-09-04T00:00:00.000,01010000,318.0
2018-09-05T00:00:00.000,01010000,396.0
2018-09-06T00:00:00.000,01010000,499.0
2018-09-07T00:00:00.000,01010000,374.0
2018-09-08T00:00:00.000,01010000,285.0
2018-09-09T00:00:00.000,01010000,230.0
2018-09-10T00:00:00.000,01010000,193.0
2018-09-11T00:00:00.000,01010000,184.0
2018-09-12T00:00:00.000,01010000,200.0
2018-09-13T00:00:00.000,01010000,327.0
2018-09-14T00:00:00.000,01010000,291.0
2018-09-15T00:00:00.000,01010000,252.0
2018-09-16T00:00:00.000,01010000,211.0
2018-09-17T00:00:00.000,01010000,175.0
2018-09-18T00:00:00.000,01010000,153.0
2018-09-19T00:00:00.000,01010000,141.0
2018-09-20T00:00:00.000,01010000,131.0
2018-09-21T00:00:00.000,01010000,131.0
2018-09-22T00:00:00.000,01010000,152.0
2018-09-23T00:00:00.000,01010000,390.0
2018-09-24T00:00:00.000,01010000,416.0
2018-09-25T00:00:00.000,01010000,363.0
2018-09-26T00:00:00.000,01010000,349.0
2018-09-27T00:00:00.000,01010000,1560.0
2018-09-28T00:00:00.000,01010000,2740.0
2018-09-29T00:00:00.000,01010000,2170.0
2018-09-30T00:00:00.000,01010000,1480.0
2018-10-01T00:00:00.000,01010000,1090.0
2018-10-02T00:00:00.000,01010000,862.0
2018-10-03T00:00:00.000,01010000,697.0
2018-10-04T00:00:00.000,01010000,592.0
2018-10-05T00:00:00.000,01010000,524.0
2018-10-06T00:00:00.000,01010000,479.0
2018-10-07T00:00:00.000,01010000,430.0
2018-10-08T00:00:00.000,01010000,385.0
2018-10-09T00:00:00.000,01010000,370.0
2018-10-10T00:00:00.000,01010000,492.0
2018-10-11T00:00:00.000,01010000,2030.0
2018-10-12T00:00:00.000,01010000,8180.0
2018-10-13T00:00:00.000,01010000,7070.0
2018-10-14T00:00:00.000,01010000,4740.0
2018-10-15T00:00:00.000,01010000,3180.0
2018-10-16T00:00:00.000,01010000,2690.0
2018-10-17T00:00:00.000,01010000,2660.0
2018-10-18T00:00:00.000,01010000,2380.0
2018-10-19T00:00:00.000,01010000,2030.0
2018-10-20T00:00:00.000,01010000,1740.0
2018-10-21T00:00:00.000,01010000,1540.0
2018-10-22T00:00:00.000,01010000,1330.0
2018-10-23T00:00:00.000,01010000,1130.0
2018-10-24T00:00:00.000,01010000,988.0
2018-10-25T00:00:00.000,01010000,904.0
2018-10-26T00:00:00.000,01010000,824.0
2018-10-27T00:00:00.000,01010000,669.0
2018-10-28T00:00:00.000,01010000,695.0
2018-10-29T00:00:00.000,01010000,1040.0
2018-10-30T00:00:00.000,01010000,1620.0
2018-10-31T00:00:00.000,01010000,2100.0
2018-11-01T00:00:00.000,01010000,2220.0
2018-11-02T00:00:00.000,01010000,2860.0
2018-11-03T00:00:00.000,01010000,5970.0
2018-11-04T00:00:00.000,01010000,10600.0
2018-11-05T00:00:00.000,01010000,9760.0
2018-11-06T00:00:00.000,01010000,7270.0
2018-11-07T00:00:00.000,01010000,7640.0
2018-11-08T00:00:00.000,01010000,8960.0
2018-11-09T00:00:00.000,01010000,7140.0
2018-11-10T00:00:00.000,01010000,5270.0
2018-11-11T00:00:00.000,01010000,3810.0
2018-11-12T00:00:00.000,01010000,2700.0
2018-11-13T00:00:00.000,01010000,2010.0
2018-11-14T00:00:00.000,01010000,1590.0
2018-11-15T00:00:00.000,01010000,1400.0
2018-11-16T00:00:00.000,01010000,1290.0
2018-11-17T00:00:00.000,01010000,1210.0
2018-11-18T00:00:00.000,01010000,1130.0
2018-11-19T00:00:00.000,01010000,1080.0
2018-11-20T00:00:00.000,01010000,1020.0
2018-11-21T00:00:00.000,01010000,977.0
2018-11-22T00:00:00.000,01010000,934.0
2018-11-23T00:00:00.000,01010000,895.0
2018-11-24T00:00:00.000,01010000,853.0
2018-11-25T00:00:00.000,01010000,808.0
2018-11-26T00:00:00.000,01010000,775.0
2018-11-27T00:00:00.000,01010000,746.0
2018-11-28T00:00:00.000,01010000,717.0
2018-11-29T00:00:00.000,01010000,691.0
2018-11-30T00:00:00.000,01010000,662.0
2018-12-01T00:00:00.000,01010000,638.0
2018-12-02T00:00:00.000,01010000,621.0
2018-12-03T00:00:00.000,01010000,601.0
2018-12-04T00:00:00.000,01010000,577.0
2018-12-05T00:00:00.000,01010000,554.0
2018-12-06T00:00:00.000,01010000,534.0
2018-12-07T00:00:00.000,01010000,516.0
2018-12-08T00:00:00.000,01010000,503.0
2018-12-09T00:00:00.000,01010000,485.0
2018-12-10T00:00:00.000,01010000,470.0
2018-12-11T00:00:00.000,01010000,457.0
2018-12-12T00:00:00.000,01010000,443.0
2018-12-13T00:00:00.000,01010000,426.0
2018-12-14T00:00:00.000,01010000,415.0
2018-12-15T00:00:00.000,01010000,406.0
2018-12-16T00:00:00.000,01010000,392.0
2018-12-17T00:00:00.000,01010000,380.0
2018-12-18T00:00:00.000,01010000,372.0
2018-12-19T00:00:00.000,01010000,369.0
2018-12-20T00:00:00.000,01010000,366.0
2018-12-21T00:00:00.000,01010000,434.0
2018-12-22T00:00:00.000,01010000,1090.0
2018-12-23T00:00:00.000,01010000,2590.0
2018-12-24T00:00:00.000,01010000,2870.0
2018-12-25T00:00:00.000,01010000,2600.0
2018-12-26T00:00:00.000,01010000,2380.0
2018-12-27T00:00:00.000,01010000,2180.0
2018-12-28T00:00:00.000,01010000,1970.0
2018-12-29T00:00:00.000,01010000,1800.0
2018-12-30T00:00:00.000,01010000,1690.0
2018-12-31T00:00:00.000,01010000,1610.0
2019-01-01T00:00:00.000,01010000,1520.0
2019-01-02T00:00:00.000,01010000,1450.0
2019-01-03T00:00:00.000,01010000,1380.0
2019-01-04T00:00:00.000,01010000,1310.0
2019-01-05T00:00:00.000,01010000,1270.0
2019-01-06T00:00:00.000,01010000,1230.0
2019-01-07T00:00:00.000,01010000,1190.0
2019-01-08T00:00:00.000,01010000,1160.0
2019-01-09T00:00:00.000,01010000,1130.0
2019-01-10T00:00:00.000,01010000,1090.0
2019-01-11T00:00:00.000,01010000,1070.0
2019-01-12T00:00:00.000,01010000,1050.0
2019-01-13T00:00:00.000,01010000,1040.0
2019-01-14T00:00:00.000,01010000,1030.0
2019-01-15T00:00:00.000,01010000,1010.0
2019-01-16T00:00:00.000,01010000,998.0
2019-01-17T00:00:00.000,01010000,982.0
2019-01-18T00:00:00.000,01010000,975.0
2019-01-19T00:00:00.000,01010000,964.0
2019-01-20T00:00:00.000,01010000,953.0
2019-01-21T00:00:00.000,01010000,945.0
2019-01-22T00:00:00.000,01010000,937.0
2019-01-23T00:00:00.000,01010000,924.0
2019-01-24T00:00:00.000,01010000,913.0
2019-01-25T00:00:00.000,01010000,892.0
2019-01-26T00:00:00.000,01010000,886.0
2019-01-27T00:00:00.000,01010000,875.0
2019-01-28T00:00:00.000,01010000,868.0
2019-01-29T00:00:00.000,01010000,863.0
2019-01-30T00:00:00.000,01010000,856.0
2019-01-31T00:00:00.000,01010000,845.0
2019-02-01T00:00:00.000,01010000,841.0
2019-02-02T00:00:00.000,01010000,834.0
2019-02-03T00:00:00.000,01010000,827.0
2019-02-04T00:00:00.000,01010000,818.0
2019-02-05T00:00:00.000,01010000,810.0
2019-02-06T00:00:00.000,01010000,806.0
2019-02-07T00:00:00.000,01010000,793.0
2019-02-08T00:00:00.000,01010000,788.0
2019-02-09T00:00:00.000,01010000,780.0
2019-02-10T00:00:00.000,01010000,775.0
2019-02-11T00:00:00.000,01010000,770.0
2019-02-12T00:00:00.000,01010000,765.0
2019-02-13T00:00:00.000,01010000,758.0
2019-02-14T00:00:00.000,01010000,751.0
2019-02-15T00:00:00.000,01010000,741.0
2019-02-16T00:00:00.000,01010000,734.0
2019-02-17T00:00:00.000,01010000,729.0
2019-02-18T00:00:00.000,01010000,721.0
2019-02-19T00:00:00.000,01010000,717.0
2019-02-20T00:00:00.000,01010000,713.0
2019-02-21T00:00:00.000,01010000,707.0
2019-02-22T00:00:00.000,01010000,702.0
2019-02-23T00:00:00.000,01010000,695.0
2019-02-24T00:00:00.000,01010000,692.0
2019-02-25T00:00:00.000,01010000,687.0
2019-02-26T00:00:00.000,01010000,682.0
2019-02-27T00:00:00.000,01010000,677.0
2019-02-28T00:00:00.000,01010000,671.0
2019-03-01T00:00:00.000,01010000,667.0
2019-03-02T00:00:00.000,01010000,662.0
2019-03-03T00:00:00.000,01010000,659.0
2019-03-04T00:00:00.000,01010000,652.0
2019-03-05T00:00:00.000,01010000,647.0
2019-03-06T00:00:00.000,01010000,644.0
2019-03-07T00:00:00.000,01010000,639.0
2019-03-08T00:00:00.000,01010000,636.0
2019-03-09T00:00:00.000,01010000,632.0
2019-03-10T00:00:00.000,01010000,622.0
2019-03-11T00:00:00.000,01010000,617.0
2019-03-12T00:00:00.000,01010000,614.0
2019-03-13T00:00:00.000,01010000,613.0
2019-03-14T00:00:00.000,01010000,615.0
2019-03-15T00:00:00.000,01010000,648.0
2019-03-16T00:00:00.000,01010000,702.0
2019-03-17T00:00:00.000,01010000,797.0
2019-03-18T00:00:00.000,01010000,969.0
2019-03-19T00:00:00.000,01010000,1140.0
2019-03-20T00:00:00.000,01010000,1190.0
2019-03-21T00:00:00.000,01010000,1150.0
2019-03-22T00:00:00.000,01010000,1110.0
2019-03-23T00:00:00.000,01010000,1090.0
2019-03-24T00:00:00.000,01010000,1060.0
2019-03-25T00:00:00.000,01010000,1040.0
2019-03-26T00:00:00.000,01010000,1030.0
2019-03-27T00:00:00.000,01010000,1010.0
2019-03-28T00:00:00.000,01010000,1010.0
2019-03-29T00:00:00.000,01010000,1030.0
2019-03-30T00:00:00.000,01010000,1140.0
2019-03-31T00:00:00.000,01010000,1370.0
2019-04-01T00:00:00.000,01010000,1840.0
2019-04-02T00:00:00.000,01010000,2610.0
2019-04-03T00:00:00.000,01010000,3510.0
2019-04-04T00:00:00.000,01010000,4080.0
2019-04-05T00:00:00.000,01010000,4240.0
2019-04-06T00:00:00.000,01010000,4080.0
2019-04-07T00:00:00.000,01010000,3740.0
2019-04-08T00:00:00.000,01010000,3490.0
2019-04-09T00:00:00.000,01010000,3280.0
2019-04-10T00:00:00.000,01010000,3080.0
2019-04-11T00:00:00.000,01010000,3010.0
2019-04-12T00:00:00.000,01010000,3050.0
2019-04-13T00:00:00.000,01010000,3480.0
2019-04-14T00:00:00.000,01010000,4710.0
2019-04-15T00:00:00.000,01010000,7180.0
2019-04-16T00:00:00.000,01010000,10500.0
2019-04-17T00:00:00.000,01010000,13800.0
2019-04-18T00:00:00.000,01010000,16500.0
2019-04-19T00:00:00.000,01010000,18100.0
2019-04-20T00:00:00.000,01010000,20500.0
2019-04-21T00:00:00.000,01010000,29300.0
2019-04-22T00:00:00.000,01010000,41800.0
2019-04-23T00:00:00.000,01010000,44700.0
2019-04-24T00:00:00.000,01010000,35900.0
2019-04-25T00:00:00.000,01010000,27300.0
2019-04-26T00:00:00.000,01010000,21700.0
2019-04-27T00:00:00.000,01010000,23500.0
2019-04-28T00:00:00.000,01010000,27600.0
2019-04-29T00:00:00.000,01010000,23100.0
2019-04-30T00:00:00.000,01010000,17000.0
2019-05-01T00:00:00.000,01010000,12800.0
2019-05-02T00:00:00.000,01010000,10600.0
2019-05-03T00:00:00.000,01010000,10600.0
2019-05-04T00:00:00.000,01010000,11200.0
2019-05-05T00:00:00.000,01010000,12800.0
2019-05-06T00:00:00.000,01010000,13100.0
2019-05-07T00:00:00.000,01010000,13500.0
2019-05-08T00:00:00.000,01010000,12800.0
2019-05-09T00:00:00.000,01010000,10500.0
2019-05-10T00:00:00.000,01010000,9090.0
2019-05-11T00:00:00.000,01010000,12300.0
2019-05-12T00:00:00.000,01010000,12200.0
2019-05-13T00:00:00.000,01010000,9720.0
2019-05-14T00:00:00.000,01010000,7490.0
2019-05-15T00:00:00.000,01010000,6300.0
2019-05-16T00:00:00.000,01010000,5520.0
2019-05-17T00:00:00.000,01010000,4830.0
2019-05-18T00:00:00.000,01010000,5310.0
2019-05-19T00:00:00.000,01010000,5760.0
2019-05-20T00:00:00.000,01010000,5360.0
2019-05-21T00:00:00.000,01010000,6520.0
2019-05-22T00:00:00.000,01010000,6410.0
2019-05-23T00:00:00.000,01010000,5020.0
2019-05-24T00:00:00.000,01010000,6050.0
2019-05-25T00:00:00.000,01010000,8600.0
2019-05-26T00:00:00.000,01010000,7590.0
2019-05-27T00:00:00.000,01010000,7040.0
2019-05-28T00:00:00.000,01010000,5360.0
2019-05-29T00:00:00.000,01010000,3940.0
2019-05-30T00:00:00.000,01010000,3080.0
2019-05-31T00:00:00.000,01010000,2700.0
2019-06-01T00:00:00.000,01010000,2490.0
2019-06-02T00:00:00.000,01010000,2240.0
2019-06-03T00:00:00.000,01010000,3610.0
2019-06-04T00:00:00.000,01010000,3870.0
2019-06-05T00:00:00.000,01010000,2930.0
2019-06-06T00:00:00.000,01010000,2190.0
2019-06-07T00:00:00.000,01010000,1690.0
2019-06-08T00:00:00.000,01010000,1350.0
2019-06-09T00:00:00.000,01010000,1110.0
2019-06-10T00:00:00.000,01010000,936.0
2019-06-11T00:00:00.000,01010000,850.0
2019-06-12T00:00:00.000,01010000,1930.0
2019-06-13T00:00:00.000,01010000,1930.0
2019-06-14T00:00:00.000,01010000,1510.0
2019-06-15T00:00:00.000,01010000,1600.0
2019-06-16T00:00:00.000,01010000,1750.0
2019-06-17T00:00:00.000,01010000,1740.0
2019-06-18T00:00:00.000,01010000,1340.0
2019-06-19T00:00:00.000,01010000,1020.0
2019-06-20T00:00:00.000,01010000,888.0
2019-06-21T00:00:00.000,01010000,3080.0
2019-06-22T00:00:00.000,01010000,4740.0
2019-06-23T00:00:00.000,01010000,3170.0
2019-06-24T00:00:00.000,01010000,2070.0
2019-06-25T00:00:00.000,01010000,1470.0
2019-06-26T00:00:00.000,01010000,1150.0
2019-06-27T00:00:00.000,01010000,1060.0
2019-06-28T00:00:00.000,01010000,1300.0
2019-06-29T00:00:00.000,01010000,2470.0
2019-06-30T00:00:00.000,01010000,6600.0
2019-07-01T00:00:00.000,01010000,4940.0
2019-07-02T00:00:00.000,01010000,3450.0
2019-07-03T00:00:00.000,01010000,2410.0
2019-07-04T00:00:00.000,01010000,1720.0
2019-07-05T00:00:00.000,01010000,1260.0
2019-07-06T00:00:00.000,01010000,1070.0
2019-07-07T00:00:00.000,01010000,2040.0
2019-07-08T00:00:00.000,01010000,1490.0
2019-07-09T00:00:00.000,01010000,1070.0
2019-07-10T00:00:00.000,01010000,767.0
2019-07-11T00:00:00.000,01010000,594.0
2019-07-12T00:00:00.000,01010000,508.0
2019-07-13T00:00:00.000,01010000,696.0
2019-07-14T00:00:00.000,01010000,683.0
2019-07-15T00:00:00.000,01010000,541.0
2019-07-16T00:00:00.000,01010000,467.0
2019-07-17T00:00:00.000,01010000,401.0
2019-07-18T00:00:00.000,01010000,366.0
2019-07-19T00:00:00.000,01010000,318.0
2019-07-20T00:00:00.000,01010000,283.0
2019-07-21T00:00:00.000,01010000,269.0
2019-07-22T00:00:00.000,01010000,278.0
2019-07-23T00:00:00.000,01010000,342.0
2019-07-24T00:00:00.000,01010000,387.0
2019-07-25T00:00:00.000,01010000,321.0
2019-07-26T00:00:00.000,01010000,260.0
2019-07-27T00:00:00.000,01010000,216.0
2019-07-28T00:00:00.000,01010000,185.0
2019-07-29T00:00:00.000,01010000,165.0
2019-07-30T00:00:00.000,01010000,150.0
2019-07-31T00:00:00.000,01010000,172.0
2019-08-01T00:00:00.000,01010000,181.0
2019-08-02T00:00:00.000,01010000,173.0
2019-08-03T00:00:00.000,01010000,170.0
2019-08-04T00:00:00.000,01010000,152.0
2019-08-05T00:00:00.000,01010000,138.0
2019-08-06T00:00:00.000,01010000,128.0
2019-08-07T00:00:00.000,01010000,116.0
2019-08-08T00:00:00.000,01010000,174.0
2019-08-09T00:00:00.000,01010000,2090.0
2019-08-10T00:00:00.000,01010000,2490.0
2019-08-11T00:00:00.000,01010000,1820.0
2019-08-12T00:00:00.000,01010000,1350.0
2019-08-13T00:00:00.000,01010000,1050.0
2019-08-14T00:00:00.000,01010000,807.0
2019-08-15T00:00:00.000,01010000,596.0
2019-08-16T00:00:00.000,01010000,460.0
2019-08-17T00:00:00.000,01010000,404.0
2019-08-18T00:00:00.000,01010000,514.0
2019-08-19T00:00:00.000,01010000,1680.0
2019-08-20T00:00:00.000,01010000,1570.0
2019-08-21T00:00:00.000,01010000,1320.0
2019-08-22T00:00:00.000,01010000,1320.0
2019-08-23T00:00:00.000,01010000,1870.0
2019-08-24T00:00:00.000,01010000,1470.0
2019-08-25T00:00:00.000,01010000,1010.0
2019-08-26T00:00:00.000,01010000,722.0
2019-08-27T00:00:00.000,01010000,552.0
2019-08-28T00:00:00.000,01010000,443.0
2019-08-29T00:00:00.000,01010000,398.0
2019-08-30T00:00:00.000,01010000,373.0
2019-08-31T00:00:00.000,01010000,367.0
2019-09-01T00:00:00.000,01010000,330.0
2019-09-02T00:00:00.000,01010000,320.0
2019-09-03T00:00:00.000,01010000,509.0
2019-09-04T00:00:00.000,01010000,1460.0
2019-09-05T00:00:00.000,01010000,2130.0
2019-09-06T00:00:00.000,01010000,2350.0
2019-09-07T00:00:00.000,01010000,1590.0
2019-09-08T00:00:00.000,01010000,1110.0
2019-09-09T00:00:00.000,01010000,826.0
2019-09-10T00:00:00.000,01010000,639.0
2019-09-11T00:00:00.000,01010000,542.0
2019-09-12T00:00:00.000,01010000,561.0
2019-09-13T00:00:00.000,01010000,621.0
2019-09-14T00:00:00.000,01010000,533.0
2019-09-15T00:00:00.000,01010000,480.0
2019-09-16T00:00:00.000,01010000,522.0
2019-09-17T00:00:00.000,01010000,499.0
2019-09-18T00:00:00.000,01010000,432.0
2019-09-19T00:00:00.000,01010000,370.0
2019-09-20T00:00:00.000,01010000,329.0
2019-09-21T00:00:00.000,01010000,282.0
2019-09-22T00:00:00.000,01010000,243.0
2019-09-23T00:00:00.000,01010000,227.0
2019-09-24T00:00:00.000,01010000,429.0
2019-09-25T00:00:00.000,01010000,2380.0
2019-09-26T00:00:00.000,01010000,2470.0
2019-09-27T00:00:00.000,01010000,3100.0
2019-09-28T00:00:00.000,01010000,3510.0
2019-09-29T00:00:00.000,01010000,2660.0
2019-09-30T00:00:00.000,01010000,2140.0
2019-10-01T00:00:00.000,01010000,1660.0
2019-10-02T00:00:00.000,01010000,1320.0
2019-10-03T00:00:00.000,01010000,1120.0
2019-10-04T00:00:00.000,01010000,955.0
2019-10-05T00:00:00.000,01010000,910.0
2019-10-06T00:00:00.000,01010000,899.0
2019-10-07T00:00:00.000,01010000,829.0
2019-10-08T00:00:00.000,01010000,921.0
2019-10-09T00:00:00.000,01010000,1060.0
2019-10-10T00:00:00.000,01010000,941.0
2019-10-11T00:00:00.000,01010000,788.0
2019-10-12T00:00:00.000,01010000,683.0
2019-10-13T00:00:00.000,01010000,615.0
2019-10-14T00:00:00.000,01010000,596.0
2019-10-15T00:00:00.000,01010000,575.0
2019-10-16T00:00:00.000,01010000,573.0
2019-10-17T00:00:00.000,01010000,592.0
2019-10-18T00:00:00.000,01010000,1950.0
2019-10-19T00:00:00.000,01010000,3420.0
2019-10-20T00:00:00.000,01010000,2790.0
2019-10-21T00:00:00.000,01010000,2080.0
2019-10-22T00:00:00.000,01010000,1630.0
2019-10-23T00:00:00.000,01010000,2730.0
2019-10-24T00:00:00.000,01010000,10200.0
2019-10-25T00:00:00.000,01010000,8770.0
2019-10-26T00:00:00.000,01010000,6190.0
2019-10-27T00:00:00.000,01010000,4320.0
2019-10-28T00:00:00.000,01010000,5200.0
2019-10-29T00:00:00.000,01010000,7240.0
2019-10-30T00:00:00.000,01010000,6100.0
2019-10-31T00:00:00.000,01010000,5090.0
2019-11-01T00:00:00.000,01010000,25700.0
2019-11-02T00:00:00.000,01010000,30100.0
2019-11-03T00:00:00.000,01010000,19900.0
2019-11-04T00:00:00.000,01010000,12300.0
2019-11-05T00:00:00.000,01010000,7820.0
2019-11-06T00:00:00.000,01010000,6160.0
2019-11-07T00:00:00.000,01010000,5000.0
2019-11-08T00:00:00.000,01010000,4040.0
2019-11-09T00:00:00.000,01010000,3270.0
2019-11-10T00:00:00.000,01010000,2730.0
2019-11-11T00:00:00.000,01010000,2380.0
2019-11-12T00:00:00.000,01010000,1870.0
2019-11-13T00:00:00.000,01010000,1130.0
2019-11-14T00:00:00.000,01010000,1420.0
2019-11-15T00:00:00.000,01010000,1540.0
2019-11-16T00:00:00.000,01010000,1490.0
2019-11-17T00:00:00.000,01010000,1440.0
2019-11-18T00:00:00.000,01010000,1390.0
2019-11-19T00:00:00.000,01010000,1350.0
2019-11-20T00:00:00.000,01010000,1330.0
2019-11-21T00:00:00.000,01010000,1300.0
2019-11-22T00:00:00.000,01010000,1270.0
2019-11-23T00:00:00.000,01010000,1250.0
2019-11-24T00:00:00.000,01010000,1220.0
2019-11-25T00:00:00.000,01010000,1190.0
2019-11-26T00:00:00.000,01010000,1170.0
2019-11-27T00:00:00.000,01010000,1140.0
2019-11-28T00:00:00.000,01010000,1110.0
2019-11-29T00:00:00.000,01010000,1090.0
2019-11-30T00:00:00.000,01010000,1060.0
2019-12-01T00:00:00.000,01010000,1040.0
2019-12-02T00:00:00.000,01010000,1020.0
2019-12-03T00:00:00.000,01010000,1000.0
2019-12-04T00:00:00.000,01010000,981.0
2019-12-05T00:00:00.000,01010000,961.0
2019-12-06T00:00:00.000,01010000,940.0
2019-12-07T00:00:00.000,01010000,920.0
2019-12-08T00:00:00.000,01010000,900.0
2019-12-09T00:00:00.000,01010000,889.0
2019-12-10T00:00:00.000,01010000,929.0
2019-12-11T00:00:00.000,01010000,1280.0
2019-12-12T00:00:00.000,01010000,1710.0
2019-12-13T00:00:00.000,01010000,1720.0
2019-12-14T00:00:00.000,01010000,1670.0
2019-12-15T00:00:00.000,01010000,1940.0
2019-12-16T00:00:00.000,01010000,2550.0
2019-12-17T00:00:00.000,01010000,2600.0
2019-12-18T00:00:00.000,01010000,2280.0
2019-12-19T00:00:00.000,01010000,1910.0
2019-12-20T00:00:00.000,01010000,1660.0
2019-12-21T00:00:00.000,01010000,1500.0
2019-12-22T00:00:00.000,01010000,1410.0
2019-12-23T00:00:00.000,01010000,1340.0
2019-12-24T00:00:00.000,01010000,1270.0
2019-12-25T00:00:00.000,01010000,1220.0
2019-12-26T00:00:00.000,01010000,1170.0
2019-12-27T00:00:00.000,01010000,1130.0
2019-12-28T00:00:00.000,01010000,1080.0
2019-12-29T00:00:00.000,01010000,1040.0
2019-12-30T00:00:00.000,01010000,1000.0
2019-12-31T00:00:00.000,01010000,966.0
2020-01-01T00:00:00.000,01010000,937.0
2020-01-02T00:00:00.000,01010000,910.0
2020-01-03T00:00:00.000,01010000,882.0
2020-01-04T00:00:00.000,01010000,854.0
2020-01-05T00:00:00.000,01010000,827.0
2020-01-06T00:00:00.000,01010000,799.0
2020-01-07T00:00:00.000,01010000,772.0
2020-01-08T00:00:00.000,01010000,745.0
2020-01-09T00:00:00.000,01010000,722.0
2020-01-10T00:00:00.000,01010000,705.0
2020-01-11T00:00:00.000,01010000,712.0
2020-01-12T00:00:00.000,01010000,875.0
2020-01-13T00:00:00.000,01010000,1180.0
2020-01-14T00:00:00.000,01010000,1350.0
2020-01-15T00:00:00.000,01010000,1350.0
2020-01-16T00:00:00.000,01010000,1260.0
2020-01-17T00:00:00.000,01010000,1180.0
2020-01-18T00:00:00.000,01010000,1100.0
2020-01-19T00:00:00.000,01010000,1030.0
2020-01-20T00:00:00.000,01010000,976.0
2020-01-21T00:00:00.000,01010000,926.0
2020-01-22T00:00:00.000,01010000,880.0
2020-01-23T00:00:00.000,01010000,839.0
2020-01-24T00:00:00.000,01010000,806.0
2020-01-25T00:00:00.000,01010000,775.0
2020-01-26T00:00:00.000,01010000,752.0
2020-01-27T00:00:00.000,01010000,743.0
2020-01-28T00:00:00.000,01010000,736.0
2020-01-29T00:00:00.000,01010000,729.0
2020-01-30T00:00:00.000,01010000,721.0
2020-01-31T00:00:00.000,01010000,714.0
2020-02-01T00:00:00.000,01010000,707.0
2020-02-02T00:00:00.000,01010000,700.0
2020-02-03T00:00:00.000,01010000,693.0
2020-02-04T00:00:00.000,01010000,685.0
2020-02-05T00:00:00.000,01010000,678.0
2020-02-06T00:00:00.000,01010000,671.0
2020-02-07T00:00:00.000,01010000,664.0
2020-02-08T00:00:00.000,01010000,657.0
2020-02-09T00:00:00.000,01010000,649.0
2020-02-10T00:00:00.000,01010000,642.0
2020-02-11T00:00:00.000,01010000,635.0
2020-02-12T00:00:00.000,01010000,628.0
2020-02-13T00:00:00.000,01010000,620.0
2020-02-14T00:00:00.000,01010000,613.0
2020-02-15T00:00:00.000,01010000,606.0
2020-02-16T00:00:00.000,01010000,599.0
2020-02-17T00:00:00.000,01010000,592.0
2020-02-18T00:00:00.000,01010000,584.0
2020-02-19T00:00:00.000,01010000,577.0
2020-02-20T00:00:00.000,01010000,570.0
2020-02-21T00:00:00.000,01010000,563.0
2020-02-22T00:00:00.000,01010000,556.0
2020-02-23T00:00:00.000,01010000,549.0
2020-02-24T00:00:00.000,01010000,544.0
2020-02-25T00:00:00.000,01010000,557.0
2020-02-26T00:00:00.000,01010000,576.0
2020-02-27T00:00:00.000,01010000,596.0
2020-02-28T00:00:00.000,01010000,616.0
2020-02-29T00:00:00.000,01010000,635.0
2020-03-01T00:00:00.000,01010000,655.0
2020-03-02T00:00:00.000,01010000,675.0
2020-03-03T00:00:00.000,01010000,694.0
2020-03-04T00:00:00.000,01010000,720.0
2020-03-05T00:00:00.000,01010000,798.0
2020-03-06T00:00:00.000,01010000,951.0
2020-03-07T00:00:00.000,01010000,1110.0
2020-03-08T00:00:00.000,01010000,1150.0
2020-03-09T00:00:00.000,01010000,1140.0
2020-03-10T00:00:00.000,01010000,1170.0
2020-03-11T00:00:00.000,01010000,1230.0
2020-03-12T00:00:00.000,01010000,1450.0
2020-03-13T00:00:00.000,01010000,1910.0
2020-03-14T00:00:00.000,01010000,2380.0
2020-03-15T00:00:00.000,01010000,2530.0
2020-03-16T00:00:00.000,01010000,2470.0
2020-03-17T00:00:00.000,01010000,2330.0
2020-03-18T00:00:00.000,01010000,2190.0
2020-03-19T00:00:00.000,01010000,2060.0
2020-03-20T00:00:00.000,01010000,1940.0
2020-03-21T00:00:00.000,01010000,1950.0
2020-03-22T00:00:00.000,01010000,2290.0
2020-03-23T00:00:00.000,01010000,3190.0
2020-03-24T00:00:00.000,01010000,3760.0
2020-03-25T00:00:00.000,01010000,3840.0
2020-03-26T00:00:00.000,01010000,3610.0
2020-03-27T00:00:00.000,01010000,3340.0
2020-03-28T00:00:00.000,01010000,3250.0
2020-03-29T00:00:00.000,01010000,3230.0
2020-03-30T00:00:00.000,01010000,3220.0
2020-03-31T00:00:00.000,01010000,3200.0
2020-04-01T00:00:00.000,01010000,3190.0
2020-04-02T00:00:00.000,01010000,3240.0
2020-04-03T00:00:00.000,01010000,3560.0
2020-04-04T00:00:00.000,01010000,4670.0
2020-04-05T00:00:00.000,01010000,7490.0
2020-04-06T00:00:00.000,01010000,11500.0
2020-04-07T00:00:00.000,01010000,14200.0
2020-04-08T00:00:00.000,01010000,13800.0
2020-04-09T00:00:00.000,01010000,12100.0
2020-04-10T00:00:00.000,01010000,9490.0
2020-04-11T00:00:00.000,01010000,7400.0
2020-04-12T00:00:00.000,01010000,6080.0
2020-04-13T00:00:00.000,01010000,5920.0
2020-04-14T00:00:00.000,01010000,11500.0
2020-04-15T00:00:00.000,01010000,18300.0
2020-04-16T00:00:00.000,01010000,17400.0
2020-04-17T00:00:00.000,01010000,13700.0
2020-04-18T00:00:00.000,01010000,9690.0
2020-04-19T00:00:00.000,01010000,7930.0
2020-04-20T00:00:00.000,01010000,8270.0
2020-04-21T00:00:00.000,01010000,8710.0
2020-04-22T00:00:00.000,01010000,8390.0
2020-04-23T00:00:00.000,01010000,6900.0
2020-04-24T00:00:00.000,01010000,5840.0
2020-04-25T00:00:00.000,01010000,5710.0
2020-04-26T00:00:00.000,01010000,6630.0
2020-04-27T00:00:00.000,01010000,8270.0
2020-04-28T00:00:00.000,01010000,9600.0
2020-04-29T00:00:00.000,01010000,11100.0
2020-04-30T00:00:00.000,01010000,13000.0
2020-05-01T00:00:00.000,01010000,13900.0
2020-05-02T00:00:00.000,01010000,18500.0
2020-05-03T00:00:00.000,01010000,19200.0
2020-05-04T00:00:00.000,01010000,19700.0
2020-05-05T00:00:00.000,01010000,19000.0
2020-05-06T00:00:00.000,01010000,15500.0
2020-05-07T00:00:00.000,01010000,12300.0
2020-05-08T00:00:00.000,01010000,10100.0
2020-05-09T00:00:00.000,01010000,8600.0
2020-05-10T00:00:00.000,01010000,7050.0
2020-05-11T00:00:00.000,01010000,5630.0
2020-05-12T00:00:00.000,01010000,5090.0
2020-05-13T00:00:00.000,01010000,5350.0
2020-05-14T00:00:00.000,01010000,4940.0
2020-05-15T00:00:00.000,01010000,4600.0
2020-05-16T00:00:00.000,01010000,5260.0
2020-05-17T00:00:00.000,01010000,6770.0
2020-05-18T00:00:00.000,01010000,6320.0
2020-05-19T00:00:00.000,01010000,5210.0
2020-05-20T00:00:00.000,01010000,4280.0
2020-05-21T00:00:00.000,01010000,3630.0
2020-05-22T00:00:00.000,01010000,3240.0
2020-05-23T00:00:00.000,01010000,2790.0
2020-05-24T00:00:00.000,01010000,2270.0
2020-05-25T00:00:00.000,01010000,1830.0
2020-05-26T00:00:00.000,01010000,1520.0
2020-05-27T00:00:00.000,01010000,1350.0
2020-05-28T00:00:00.000,01010000,1630.0
2020-05-29T00:00:00.000,01010000,1500.0
2020-05-30T00:00:00.000,01010000,1260.0
2020-05-31T00:00:00.000,01010000,1300.0
2020-06-01T00:00:00.000,01010000,1380.0
2020-06-02T00:00:00.000,01010000,1180.0
2020-06-03T00:00:00.000,01010000,958.0
2020-06-04T00:00:00.000,01010000,794.0
2020-06-05T00:00:00.000,01010000,672.0
2020-06-06T00:00:00.000,01010000,606.0
2020-06-07T00:00:00.000,01010000,668.0
2020-06-08T00:00:00.000,01010000,650.0
2020-06-09T00:00:00.000,01010000,531.0
2020-06-10T00:00:00.000,01010000,448.0
2020-06-11T00:00:00.000,01010000,449.0
2020-06-12T00:00:00.000,01010000,631.0
2020-06-13T00:00:00.000,01010000,554.0
2020-06-14T00:00:00.000,01010000,426.0
2020-06-15T00:00:00.000,01010000,353.0
2020-06-16T00:00:00.000,01010000,302.0
2020-06-17T00:00:00.000,01010000,261.0
2020-06-18T00:00:00.000,01010000,228.0
2020-06-19T00:00:00.000,01010000,201.0
2020-06-20T00:00:00.000,01010000,178.0
2020-06-21T00:00:00.000,01010000,179.0
2020-06-22T00:00:00.000,01010000,365.0
2020-06-23T00:00:00.000,01010000,615.0
2020-06-24T00:00:00.000,01010000,572.0
2020-06-25T00:00:00.000,01010000,775.0
2020-06-26T00:00:00.000,01010000,721.0
2020-06-27T00:00:00.000,01010000,470.0
2020-06-28T00:00:00.000,01010000,384.0
2020-06-29T00:00:00.000,01010000,564.0
2020-06-30T00:00:00.000,01010000,811.0
2020-07-01T00:00:00.000,01010000,840.0
2020-07-02T00:00:00.000,01010000,635.0
2020-07-03T00:00:00.000,01010000,468.0
2020-07-04T00:00:00.000,01010000,405.0
2020-07-05T00:00:00.000,01010000,336.0
2020-07-06T00:00:00.000,01010000,269.0
2020-07-07T00:00:00.000,01010000,223.0
2020-07-08T00:00:00.000,01010000,222.0
2020-07-09T00:00:00.000,01010000,650.0
2020-07-10T00:00:00.000,01010000,898.0
2020-07-11T00:00:00.000,01010000,595.0
2020-07-12T00:00:00.000,01010000,572.0
2020-07-13T00:00:00.000,01010000,738.0
2020-07-14T00:00:00.000,01010000,643.0
2020-07-15T00:00:00.000,01010000,461.0
2020-07-16T00:00:00.000,01010000,344.0
2020-07-17T00:00:00.000,01010000,290.0
2020-07-18T00:00:00.000,01010000,397.0
2020-07-19T00:00:00.000,01010000,551.0
2020-07-20T00:00:00.000,01010000,469.0
2020-07-21T00:00:00.000,01010000,523.0
2020-07-22T00:00:00.000,01010000,628.0
2020-07-23T00:00:00.000,01010000,501.0
2020-07-24T00:00:00.000,01010000,956.0
2020-07-25T00:00:00.000,01010000,961.0
2020-07-26T00:00:00.000,01010000,648.0
2020-07-27T00:00:00.000,01010000,911.0
2020-07-28T00:00:00.000,01010000,1760.0
2020-07-29T00:00:00.000,01010000,1750.0
2020-07-30T00:00:00.000,01010000,1270.0
2020-07-31T00:00:00.000,01010000,841.0
2020-08-01T00:00:00.000,01010000,694.0
2020-08-02T00:00:00.000,01010000,636.0
2020-08-03T00:00:00.000,01010000,524.0
2020-08-04T00:00:00.000,01010000,693.0
2020-08-05T00:00:00.000,01010000,665.0
2020-08-06T00:00:00.000,01010000,1040.0
2020-08-07T00:00:00.000,01010000,741.0
2020-08-08T00:00:00.000,01010000,548.0
2020-08-09T00:00:00.000,01010000,406.0
2020-08-10T00:00:00.000,01010000,316.0
2020-08-11T00:00:00.000,01010000,267.0
2020-08-12T00:00:00.000,01010000,246.0
2020-08-13T00:00:00.000,01010000,296.0
2020-08-14T00:00:00.000,01010000,250.0
2020-08-15T00:00:00.000,01010000,194.0
2020-08-16T00:00:00.000,01010000,162.0
2020-08-17T00:00:00.000,01010000,145.0
2020-08-18T00:00:00.000,01010000,139.0
2020-08-19T00:00:00.000,01010000,132.0
2020-08-20T00:00:00.000,01010000,149.0
2020-08-21T00:00:00.000,01010000,149.0
2020-08-22T00:00:00.000,01010000,147.0
2020-08-23T00:00:00.000,01010000,146.0
2020-08-24T00:00:00.000,01010000,134.0
2020-08-25T00:00:00.000,01010000,141.0
2020-08-26T00:00:00.000,01010000,293.0
2020-08-27T00:00:00.000,01010000,392.0
2020-08-28T00:00:00.000,01010000,266.0
2020-08-29T00:00:00.000,01010000,225.0
2020-08-30T00:00:00.000,01010000,1250.0
2020-08-31T00:00:00.000,01010000,2830.0
2020-09-01T00:00:00.000,01010000,1950.0
2020-09-02T00:00:00.000,01010000,1230.0
2020-09-03T00:00:00.000,01010000,823.0
2020-09-04T00:00:00.000,01010000,638.0
2020-09-05T00:00:00.000,01010000,482.0
2020-09-06T00:00:00.000,01010000,371.0
2020-09-07T00:00:00.000,01010000,299.0
2020-09-08T00:00:00.000,01010000,239.0
2020-09-09T00:00:00.000,01010000,208.0
2020-09-10T00:00:00.000,01010000,189.0
2020-09-11T00:00:00.000,01010000,181.0
2020-09-12T00:00:00.000,01010000,172.0
2020-09-13T00:00:00.000,01010000,170.0
2020-09-14T00:00:00.000,01010000,160.0
2020-09-15T00:00:00.000,01010000,167.0
2020-09-16T00:00:00.000,01010000,183.0
2020-09-17T00:00:00.000,01010000,153.0
2020-09-18T00:00:00.000,01010000,135.0
2020-09-19T00:00:00.000,01010000,122.0
2020-09-20T00:00:00.000,01010000,112.0
2020-09-21T00:00:00.000,01010000,107.0
2020-09-22T00:00:00.000,01010000,101.0
2020-09-23T00:00:00.000,01010000,96.4
2020-09-24T00:00:00.000,01010000,92.9
2020-09-25T00:00:00.000,01010000,88.8
2020-09-26T00:00:00.000,01010000,85.3
2020-09-27T00:00:00.000,01010000,83.5
2020-09-28T00:00:00.000,01010000,82.3
2020-09-29T00:00:00.000,01010000,80.9
2020-09-30T00:00:00.000,01010000,107.0
2020-10-01T00:00:00.000,01010000,136.0
2020-10-02T00:00:00.000,01010000,316.0
2020-10-03T00:00:00.000,01010000,302.0
2020-10-04T00:00:00.000,01010000,408.0
2020-10-05T00:00:00.000,01010000,414.0
2020-10-06T00:00:00.000,01010000,356.0
2020-10-07T00:00:00.000,01010000,307.0
2020-10-08T00:00:00.000,01010000,285.0
2020-10-09T00:00:00.000,01010000,601.0
2020-10-10T00:00:00.000,01010000,543.0
2020-10-11T00:00:00.000,01010000,807.0
2020-10-12T00:00:00.000,01010000,1410.0
2020-10-13T00:00:00.000,01010000,1180.0
2020-10-14T00:00:00.000,01010000,2350.0
2020-10-15T00:00:00.000,01010000,4730.0
2020-10-16T00:00:00.000,01010000,3740.0
2020-10-17T00:00:00.000,01010000,7760.0
2020-10-18T00:00:00.000,01010000,14400.0
2020-10-19T00:00:00.000,01010000,12400.0
2020-10-20T00:00:00.000,01010000,10300.0
2020-10-21T00:00:00.000,01010000,10300.0
2020-10-22T00:00:00.000,01010000,9560.0
2020-10-23T00:00:00.000,01010000,7770.0
2020-10-24T00:00:00.000,01010000,6140.0
2020-10-25T00:00:00.000,01010000,4750.0
2020-10-26T00:00:00.000,01010000,3710.0
2020-10-27T00:00:00.000,01010000,3300.0
2020-10-28T00:00:00.000,01010000,3310.0
2020-10-29T00:00:00.000,01010000,2880.0
2020-10-30T00:00:00.000,01010000,2520.0
2020-10-31T00:00:00.000,01010000,2150.0
2020-11-01T00:00:00.000,01010000,1750.0
2020-11-02T00:00:00.000,01010000,1640.0
2020-11-03T00:00:00.000,01010000,1660.0
2020-11-04T00:00:00.000,01010000,1470.0
2020-11-05T00:00:00.000,01010000,1300.0
2020-11-06T00:00:00.000,01010000,1310.0
2020-11-07T00:00:00.000,01010000,1340.0
2020-11-08T00:00:00.000,01010000,1370.0
2020-11-09T00:00:00.000,01010000,1290.0
2020-11-10T00:00:00.000,01010000,1160.0
2020-11-11T00:00:00.000,01010000,1050.0
2020-11-12T00:00:00.000,01010000,968.0
2020-11-13T00:00:00.000,01010000,901.0
2020-11-14T00:00:00.000,01010000,838.0
2020-11-15T00:00:00.000,01010000,806.0
2020-11-16T00:00:00.000,01010000,887.0
2020-11-17T00:00:00.000,01010000,1670.0
2020-11-18T00:00:00.000,01010000,2240.0
2020-11-19T00:00:00.000,01010000,1800.0
2020-11-20T00:00:00.000,01010000,1460.0
2020-11-21T00:00:00.000,01010000,1330.0
2020-11-22T00:00:00.000,01010000,1290.0
2020-11-23T00:00:00.000,01010000,1470.0
2020-11-24T00:00:00.000,01010000,2340.0
2020-11-25T00:00:00.000,01010000,3450.0
2020-11-26T00:00:00.000,01010000,3330.0
2020-11-27T00:00:00.000,01010000,2980.0
2020-11-28T00:00:00.000,01010000,2920.0
2020-11-29T00:00:00.000,01010000,2830.0
2020-11-30T00:00:00.000,01010000,2700.0
2020-12-01T00:00:00.000,01010000,8130.0
2020-12-02T00:00:00.000,01010000,14400.0
2020-12-03T00:00:00.000,01010000,12300.0
2020-12-04T00:00:00.000,01010000,8520.0
2020-12-05T00:00:00.000,01010000,6030.0
2020-12-06T00:00:00.000,01010000,4670.0
2020-12-07T00:00:00.000,01010000,3650.0
2020-12-08T00:00:00.000,01010000,3250.0
2020-12-09T00:00:00.000,01010000,2750.0
2020-12-10T00:00:00.000,01010000,2380.0
2020-12-11T00:00:00.000,01010000,2140.0
2020-12-12T00:00:00.000,01010000,1960.0
2020-12-13T00:00:00.000,01010000,1810.0
2020-12-14T00:00:00.000,01010000,1690.0
2020-12-15T00:00:00.000,01010000,1340.0
2020-12-16T00:00:00.000,01010000,604.0
2020-12-17T00:00:00.000,01010000,594.0
2020-12-18T00:00:00.000,01010000,1150.0
2020-12-19T00:00:00.000,01010000,1280.0
2020-12-20T00:00:00.000,01010000,1230.0
2020-12-21T00:00:00.000,01010000,1190.0
2020-12-22T00:00:00.000,01010000,1150.0
2020-12-23T00:00:00.000,01010000,1120.0
2020-12-24T00:00:00.000,01010000,1130.0
2020-12-25T00:00:00.000,01010000,1640.0
2020-12-26T00:00:00.000,01010000,4190.0
2020-12-27T00:00:00.000,01010000,5820.0
2020-12-28T00:00:00.000,01010000,4720.0
2020-12-29T00:00:00.000,01010000,3800.0
2020-12-30T00:00:00.000,01010000,3070.0
2020-12-31T00:00:00.000,01010000,2470.0
2015-01-01T00:00:00.000,01014000,7880.0
2015-01-02T00:00:00.000,01014000,7340.0
2015-01-03T00:00:00.000,01014000,6850.0
2015-01-04T00:00:00.000,01014000,6480.0
2015-01-05T00:00:00.000,01014000,6210.0
2015-01-06T00:00:00.000,01014000,5940.0
2015-01-07T00:00:00.000,01014000,5690.0
2015-01-08T00:00:00.000,01014000,5490.0
2015-01-09T00:00:00.000,01014000,5300.0
2015-01-10T00:00:00.000,01014000,5130.0
2015-01-11T00:00:00.000,01014000,4970.0
2015-01-12T00:00:00.000,01014000,4800.0
2015-01-13T00:00:00.000,01014000,4630.0
2015-01-14T00:00:00.000,01014000,4490.0
2015-01-15T00:00:00.000,01014000,4360.0
2015-01-16T00:00:00.000,01014000,4240.0
2015-01-17T00:00:00.000,01014000,4140.0
2015-01-18T00:00:00.000,01014000,4040.0
2015-01-19T00:00:00.000,01014000,3980.0
2015-01-20T00:00:00.000,01014000,3930.0
2015-01-21T00:00:00.000,01014000,3910.0
2015-01-22T00:00:00.000,01014000,4430.0
2015-01-23T00:00:00.000,01014000,4960.0
2015-01-24T00:00:00.000,01014000,4860.0
2015-01-25T00:00:00.000,01014000,4620.0
2015-01-26T00:00:00.000,01014000,4360.0
2015-01-27T00:00:00.000,01014000,4130.0
2015-01-28T00:00:00.000,01014000,3970.0
2015-01-29T00:00:00.000,01014000,3810.0
2015-01-30T00:00:00.000,01014000,3680.0
2015-01-31T00:00:00.000,01014000,3560.0
2015-02-01T00:00:00.000,01014000,3440.0
2015-02-02T00:00:00.000,01014000,3320.0
2015-02-03T00:00:00.000,01014000,3210.0
2015-02-04T00:00:00.000,01014000,3120.0
2015-02-05T00:00:00.000,01014000,3030.0
2015-02-06T00:00:00.000,01014000,2940.0
2015-02-07T00:00:00.000,01014000,2860.0
2015-02-08T00:00:00.000,01014000,2790.0
2015-02-09T00:00:00.000,01014000,2710.0
2015-02-10T00:00:00.000,01014000,2630.0
2015-02-11T00:00:00.000,01014000,2570.0
2015-02-12T00:00:00.000,01014000,2500.0
2015-02-13T00:00:00.000,01014000,2420.0
2015-02-14T00:00:00.000,01014000,2360.0
2015-02-15T00:00:00.000,01014000,2280.0
2015-02-16T00:00:00.000,01014000,2230.0
2015-02-17T00:00:00.000,01014000,2180.0
2015-02-18T00:00:00.000,01014000,2130.0
2015-02-19T00:00:00.000,01014000,2090.0
2015-02-20T00:00:00.000,01014000,2050.0
2015-02-21T00:00:00.000,01014000,2010.0
2015-02-22T00:00:00.000,01014000,1960.0
2015-02-23T00:00:00.000,01014000,1940.0
2015-02-24T00:00:00.000,01014000,1900.0
2015-02-25T00:00:00.000,01014000,1870.0
2015-02-26T00:00:00.000,01014000,1840.0
2015-02-27T00:00:00.000,01014000,1820.0
2015-02-28T00:00:00.000,01014000,1790.0
2015-03-01T00:00:00.000,01014000,1760.0
2015-03-02T00:00:00.000,01014000,1740.0
2015-03-03T00:00:00.000,01014000,1720.0
2015-03-04T00:00:00.000,01014000,1710.0
2015-03-05T00:00:00.000,01014000,1690.0
2015-03-06T00:00:00.000,01014000,1660.0
2015-03-07T00:00:00.000,01014000,1640.0
2015-03-08T00:00:00.000,01014000,1610.0
2015-03-09T00:00:00.000,01014000,1590.0
2015-03-10T00:00:00.000,01014000,1570.0
2015-03-11T00:00:00.000,01014000,1550.0
2015-03-12T00:00:00.000,01014000,1530.0
2015-03-13T00:00:00.000,01014000,1510.0
2015-03-14T00:00:00.000,01014000,1500.0
2015-03-15T00:00:00.000,01014000,1480.0
2015-03-16T00:00:00.000,01014000,1460.0
2015-03-17T00:00:00.000,01014000,1450.0
2015-03-18T00:00:00.000,01014000,1440.0
2015-03-19T00:00:00.000,01014000,1420.0
2015-03-20T00:00:00.000,01014000,1410.0
2015-03-21T00:00:00.000,01014000,1400.0
2015-03-22T00:00:00.000,01014000,1390.0
2015-03-23T00:00:00.000,01014000,1380.0
2015-03-24T00:00:00.000,01014000,1370.0
2015-03-25T00:00:00.000,01014000,1360.0
2015-03-26T00:00:00.000,01014000,1350.0
2015-03-27T00:00:00.000,01014000,1340.0
2015-03-28T00:00:00.000,01014000,1340.0
2015-03-29T00:00:00.000,01014000,1330.0
2015-03-30T00:00:00.000,01014000,1320.0
2015-03-31T00:00:00.000,01014000,1320.0
2015-04-01T00:00:00.000,01014000,1320.0
2015-04-02T00:00:00.000,01014000,1320.0
2015-04-03T00:00:00.000,01014000,1330.0
2015-04-04T00:00:00.000,01014000,1340.0
2015-04-05T00:00:00.000,01014000,1370.0
2015-04-06T00:00:00.000,01014000,1400.0
2015-04-07T00:00:00.000,01014000,1440.0
2015-04-08T00:00:00.000,01014000,1490.0
2015-04-09T00:00:00.000,01014000,1600.0
2015-04-10T00:00:00.000,01014000,1790.0
2015-04-11T00:00:00.000,01014000,2140.0
2015-04-12T00:00:00.000,01014000,2590.0
2015-04-13T00:00:00.000,01014000,3350.0
2015-04-14T00:00:00.000,01014000,6290.0
2015-04-15T00:00:00.000,01014000,14300.0
2015-04-16T00:00:00.000,01014000,24900.0
2015-04-17T00:00:00.000,01014000,33500.0
2015-04-18T00:00:00.000,01014000,44400.0
2015-04-19T00:00:00.000,01014000,52800.0
2015-04-20T00:00:00.000,01014000,53100.0
2015-04-21T00:00:00.000,01014000,51100.0
2015-04-22T00:00:00.000,01014000,55200.0
2015-04-23T00:00:00.000,01014000,62700.0
2015-04-24T00:00:00.000,01014000,66700.0
2015-04-25T00:00:00.000,01014000,63000.0
2015-04-26T00:00:00.000,01014000,54400.0
2015-04-27T00:00:00.000,01014000,50100.0
2015-04-28T00:00:00.000,01014000,50200.0
2015-04-29T00:00:00.000,01014000,50400.0
2015-04-30T00:00:00.000,01014000,50000.0
2015-05-01T00:00:00.000,01014000,47000.0
2015-05-02T00:00:00.000,01014000,43100.0
2015-05-03T00:00:00.000,01014000,40000.0
2015-05-04T00:00:00.000,01014000,37100.0
2015-05-05T00:00:00.000,01014000,34100.0
2015-05-06T00:00:00.000,01014000,32100.0
2015-05-07T00:00:00.000,01014000,28100.0
2015-05-08T00:00:00.000,01014000,23700.0
2015-05-09T00:00:00.000,01014000,20100.0
2015-05-10T00:00:00.000,01014000,17700.0
2015-05-11T00:00:00.000,01014000,16900.0
2015-05-12T00:00:00.000,01014000,17800.0
2015-05-13T00:00:00.000,01014000,20800.0
2015-05-14T00:00:00.000,01014000,25800.0
2015-05-15T00:00:00.000,01014000,22800.0
2015-05-16T00:00:00.000,01014000,18100.0
2015-05-17T00:00:00.000,01014000,14800.0
2015-05-18T00:00:00.000,01014000,12800.0
2015-05-19T00:00:00.000,01014000,11600.0
2015-05-20T00:00:00.000,01014000,10800.0
2015-05-21T00:00:00.000,01014000,10400.0
2015-05-22T00:00:00.000,01014000,10000.0
2015-05-23T00:00:00.000,01014000,9440.0
2015-05-24T00:00:00.000,01014000,8720.0
2015-05-25T00:00:00.000,01014000,8080.0
2015-05-26T00:00:00.000,01014000,7550.0
2015-05-27T00:00:00.000,01014000,7610.0
2015-05-28T00:00:00.000,01014000,9800.0
2015-05-29T00:00:00.000,01014000,11800.0
2015-05-30T00:00:00.000,01014000,11500.0
2015-05-31T00:00:00.000,01014000,10200.0
2015-06-01T00:00:00.000,01014000,9750.0
2015-06-02T00:00:00.000,01014000,10300.0
2015-06-03T00:00:00.000,01014000,9520.0
2015-06-04T00:00:00.000,01014000,9060.0
2015-06-05T00:00:00.000,01014000,8560.0
2015-06-06T00:00:00.000,01014000,7790.0
2015-06-07T00:00:00.000,01014000,7280.0
2015-06-08T00:00:00.000,01014000,6890.0
2015-06-09T00:00:00.000,01014000,7090.0
2015-06-10T00:00:00.000,01014000,10500.0
2015-06-11T00:00:00.000,01014000,19000.0
2015-06-12T00:00:00.000,01014000,24100.0
2015-06-13T00:00:00.000,01014000,21000.0
2015-06-14T00:00:00.000,01014000,16100.0
2015-06-15T00:00:00.000,01014000,12700.0
2015-06-16T00:00:00.000,01014000,10600.0
2015-06-17T00:00:00.000,01014000,9750.0
2015-06-18T00:00:00.000,01014000,9220.0
2015-06-19T00:00:00.000,01014000,9150.0
2015-06-20T00:00:00.000,01014000,9320.0
2015-06-21T00:00:00.000,01014000,9570.0
2015-06-22T00:00:00.000,01014000,8480.0
2015-06-23T00:00:00.000,01014000,7550.0
2015-06-24T00:00:00.000,01014000,7030.0
2015-06-25T00:00:00.000,01014000,6440.0
2015-06-26T00:00:00.000,01014000,5900.0
2015-06-27T00:00:00.000,01014000,5360.0
2015-06-28T00:00:00.000,01014000,4780.0
2015-06-29T00:00:00.000,01014000,4750.0
2015-06-30T00:00:00.000,01014000,4840.0
2015-07-01T00:00:00.000,01014000,4910.0
2015-07-02T00:00:00.000,01014000,5650.0
2015-07-03T00:00:00.000,01014000,6710.0
2015-07-04T00:00:00.000,01014000,7770.0
2015-07-05T00:00:00.000,01014000,6630.0
2015-07-06T00:00:00.000,01014000,5540.0
2015-07-07T00:00:00.000,01014000,4690.0
2015-07-08T00:00:00.000,01014000,4170.0
2015-07-09T00:00:00.000,01014000,4030.0
2015-07-10T00:00:00.000,01014000,4070.0
2015-07-11T00:00:00.000,01014000,3950.0
2015-07-12T00:00:00.000,01014000,3450.0
2015-07-13T00:00:00.000,01014000,3020.0
2015-07-14T00:00:00.000,01014000,2740.0
2015-07-15T00:00:00.000,01014000,2690.0
2015-07-16T00:00:00.000,01014000,3090.0
2015-07-17T00:00:00.000,01014000,3730.0
2015-07-18T00:00:00.000,01014000,3600.0
2015-07-19T00:00:00.000,01014000,3490.0
2015-07-20T00:00:00.000,01014000,4660.0
2015-07-21T00:00:00.000,01014000,7320.0
2015-07-22T00:00:00.000,01014000,17400.0
2015-07-23T00:00:00.000,01014000,23400.0
2015-07-24T00:00:00.000,01014000,18000.0
2015-07-25T00:00:00.000,01014000,13700.0
2015-07-26T00:00:00.000,01014000,11300.0
2015-07-27T00:00:00.000,01014000,11500.0
2015-07-28T00:00:00.000,01014000,13600.0
2015-07-29T00:00:00.000,01014000,13300.0
2015-07-30T00:00:00.000,01014000,11700.0
2015-07-31T00:00:00.000,01014000,11000.0
2015-08-01T00:00:00.000,01014000,10300.0
2015-08-02T00:00:00.000,01014000,9720.0
2015-08-03T00:00:00.000,01014000,8730.0
2015-08-04T00:00:00.000,01014000,9180.0
2015-08-05T00:00:00.000,01014000,8960.0
2015-08-06T00:00:00.000,01014000,7950.0
2015-08-07T00:00:00.000,01014000,7420.0
2015-08-08T00:00:00.000,01014000,7040.0
2015-08-09T00:00:00.000,01014000,6850.0
2015-08-10T00:00:00.000,01014000,6390.0
2015-08-11T00:00:00.000,01014000,5880.0
2015-08-12T00:00:00.000,01014000,5670.0
2015-08-13T00:00:00.000,01014000,5810.0
2015-08-14T00:00:00.000,01014000,6140.0
2015-08-15T00:00:00.000,01014000,5780.0
2015-08-16T00:00:00.000,01014000,5170.0
2015-08-17T00:00:00.000,01014000,4610.0
2015-08-18T00:00:00.000,01014000,4160.0
2015-08-19T00:00:00.000,01014000,3850.0
2015-08-20T00:00:00.000,01014000,3660.0
2015-08-21T00:00:00.000,01014000,3400.0
2015-08-22T00:00:00.000,01014000,3450.0
2015-08-23T00:00:00.000,01014000,3480.0
2015-08-24T00:00:00.000,01014000,3240.0
2015-08-25T00:00:00.000,01014000,3020.0
2015-08-26T00:00:00.000,01014000,3970.0
2015-08-27T00:00:00.000,01014000,6830.0
2015-08-28T00:00:00.000,01014000,6940.0
2015-08-29T00:00:00.000,01014000,6120.0
2015-08-30T00:00:00.000,01014000,5470.0
2015-08-31T00:00:00.000,01014000,4940.0
2015-09-01T00:00:00.000,01014000,4430.0
2015-09-02T00:00:00.000,01014000,4020.0
2015-09-03T00:00:00.000,01014000,3730.0
2015-09-04T00:00:00.000,01014000,3380.0
2015-09-05T00:00:00.000,01014000,3060.0
2015-09-06T00:00:00.000,01014000,2820.0
2015-09-07T00:00:00.000,01014000,2660.0
2015-09-08T00:00:00.000,01014000,2600.0
2015-09-09T00:00:00.000,01014000,2770.0
2015-09-10T00:00:00.000,01014000,3010.0
2015-09-11T00:00:00.000,01014000,2990.0
2015-09-12T00:00:00.000,01014000,2730.0
2015-09-13T00:00:00.000,01014000,2480.0
2015-09-14T00:00:00.000,01014000,2540.0
2015-09-15T00:00:00.000,01014000,2630.0
2015-09-16T00:00:00.000,01014000,2980.0
2015-09-17T00:00:00.000,01014000,3240.0
2015-09-18T00:00:00.000,01014000,3210.0
2015-09-19T00:00:00.000,01014000,2870.0
2015-09-20T00:00:00.000,01014000,2580.0
2015-09-21T00:00:00.000,01014000,2360.0
2015-09-22T00:00:00.000,01014000,2220.0
2015-09-23T00:00:00.000,01014000,2100.0
2015-09-24T00:00:00.000,01014000,1990.0
2015-09-25T00:00:00.000,01014000,1890.0
2015-09-26T00:00:00.000,01014000,1780.0
2015-09-27T00:00:00.000,01014000,1680.0
2015-09-28T00:00:00.000,01014000,1630.0
2015-09-29T00:00:00.000,01014000,1590.0
2015-09-30T00:00:00.000,01014000,1930.0
2015-10-01T00:00:00.000,01014000,4170.0
2015-10-02T00:00:00.000,01014000,6570.0
2015-10-03T00:00:00.000,01014000,8690.0
2015-10-04T00:00:00.000,01014000,7210.0
2015-10-05T00:00:00.000,01014000,5880.0
2015-10-06T00:00:00.000,01014000,4800.0
2015-10-07T00:00:00.000,01014000,4030.0
2015-10-08T00:00:00.000,01014000,3470.0
2015-10-09T00:00:00.000,01014000,3090.0
2015-10-10T00:00:00.000,01014000,2920.0
2015-10-11T00:00:00.000,01014000,2810.0
2015-10-12T00:00:00.000,01014000,2760.0
2015-10-13T00:00:00.000,01014000,2740.0
2015-10-14T00:00:00.000,01014000,2700.0
2015-10-15T00:00:00.000,01014000,2550.0
2015-10-16T00:00:00.000,01014000,2580.0
2015-10-17T00:00:00.000,01014000,2770.0
2015-10-18T00:00:00.000,01014000,3160.0
2015-10-19T00:00:00.000,01014000,3470.0
2015-10-20T00:00:00.000,01014000,3380.0
2015-10-21T00:00:00.000,01014000,3100.0
2015-10-22T00:00:00.000,01014000,2860.0
2015-10-23T00:00:00.000,01014000,2720.0
2015-10-24T00:00:00.000,01014000,2610.0
2015-10-25T00:00:00.000,01014000,2690.0
2015-10-26T00:00:00.000,01014000,3110.0
2015-10-27T00:00:00.000,01014000,4050.0
2015-10-28T00:00:00.000,01014000,4810.0
2015-10-29T00:00:00.000,01014000,4840.0
2015-10-30T00:00:00.000,01014000,8630.0
2015-10-31T00:00:00.000,01014000,14800.0
2015-11-01T00:00:00.000,01014000,11500.0
2015-11-02T00:00:00.000,01014000,9030.0
2015-11-03T00:00:00.000,01014000,8200.0
2015-11-04T00:00:00.000,01014000,8020.0
2015-11-05T00:00:00.000,01014000,7850.0
2015-11-06T00:00:00.000,01014000,7370.0
2015-11-07T00:00:00.000,01014000,6690.0
2015-11-08T00:00:00.000,01014000,6110.0
2015-11-09T00:00:00.000,01014000,5640.0
2015-11-10T00:00:00.000,01014000,5110.0
2015-11-11T00:00:00.000,01014000,4690.0
2015-11-12T00:00:00.000,01014000,4390.0
2015-11-13T00:00:00.000,01014000,4400.0
2015-11-14T00:00:00.000,01014000,4990.0
2015-11-15T00:00:00.000,01014000,6550.0
2015-11-16T00:00:00.000,01014000,6830.0
2015-11-17T00:00:00.000,01014000,6240.0
2015-11-18T00:00:00.000,01014000,5600.0
2015-11-19T00:00:00.000,01014000,5060.0
2015-11-20T00:00:00.000,01014000,5470.0
2015-11-21T00:00:00.000,01014000,8660.0
2015-11-22T00:00:00.000,01014000,14200.0
2015-11-23T00:00:00.000,01014000,12300.0
2015-11-24T00:00:00.000,01014000,10300.0
2015-11-25T00:00:00.000,01014000,8390.0
2015-11-26T00:00:00.000,01014000,7340.0
2015-11-27T00:00:00.000,01014000,6830.0
2015-11-28T00:00:00.000,01014000,6950.0
2015-11-29T00:00:00.000,01014000,7100.0
2015-11-30T00:00:00.000,01014000,6380.0
2015-12-01T00:00:00.000,01014000,5340.0
2015-12-02T00:00:00.000,01014000,5380.0
2015-12-03T00:00:00.000,01014000,6660.0
2015-12-04T00:00:00.000,01014000,6970.0
2015-12-05T00:00:00.000,01014000,7730.0
2015-12-06T00:00:00.000,01014000,8690.0
2015-12-07T00:00:00.000,01014000,8140.0
2015-12-08T00:00:00.000,01014000,7700.0
2015-12-09T00:00:00.000,01014000,7230.0
2015-12-10T00:00:00.000,01014000,6860.0
2015-12-11T00:00:00.000,01014000,6660.0
2015-12-12T00:00:00.000,01014000,6650.0
2015-12-13T00:00:00.000,01014000,6790.0
2015-12-14T00:00:00.000,01014000,7280.0
2015-12-15T00:00:00.000,01014000,7530.0
2015-12-16T00:00:00.000,01014000,7190.0
2015-12-17T00:00:00.000,01014000,6580.0
2015-12-18T00:00:00.000,01014000,7460.0
2015-12-19T00:00:00.000,01014000,8270.0
2015-12-20T00:00:00.000,01014000,9440.0
2015-12-21T00:00:00.000,01014000,9050.0
2015-12-22T00:00:00.000,01014000,8440.0
2015-12-23T00:00:00.000,01014000,8310.0
2015-12-24T00:00:00.000,01014000,8790.0
2015-12-25T00:00:00.000,01014000,14600.0
2015-12-26T00:00:00.000,01014000,22800.0
2015-12-27T00:00:00.000,01014000,21100.0
2015-12-28T00:00:00.000,01014000,16300.0
2015-12-29T00:00:00.000,01014000,10500.0
2015-12-30T00:00:00.000,01014000,8150.0
2015-12-31T00:00:00.000,01014000,8140.0
2016-01-01T00:00:00.000,01014000,8450.0
2016-01-02T00:00:00.000,01014000,7660.0
2016-01-03T00:00:00.000,01014000,6990.0
2016-01-04T00:00:00.000,01014000,6390.0
2016-01-05T00:00:00.000,01014000,5820.0
2016-01-06T00:00:00.000,01014000,5410.0
2016-01-07T00:00:00.000,01014000,5100.0
2016-01-08T00:00:00.000,01014000,4880.0
2016-01-09T00:00:00.000,01014000,4700.0
2016-01-10T00:00:00.000,01014000,4650.0
2016-01-11T00:00:00.000,01014000,5180.0
2016-01-12T00:00:00.000,01014000,5740.0
2016-01-13T00:00:00.000,01014000,6470.0
2016-01-14T00:00:00.000,01014000,6920.0
2016-01-15T00:00:00.000,01014000,6920.0
2016-01-16T00:00:00.000,01014000,6730.0
2016-01-17T00:00:00.000,01014000,6460.0
2016-01-18T00:00:00.000,01014000,6160.0
2016-01-19T00:00:00.000,01014000,5910.0
2016-01-20T00:00:00.000,01014000,5680.0
2016-01-21T00:00:00.000,01014000,5480.0
2016-01-22T00:00:00.000,01014000,5280.0
2016-01-23T00:00:00.000,01014000,5040.0
2016-01-24T00:00:00.000,01014000,4840.0
2016-01-25T00:00:00.000,01014000,4690.0
2016-01-26T00:00:00.000,01014000,4590.0
2016-01-27T00:00:00.000,01014000,4480.0
2016-01-28T00:00:00.000,01014000,4370.0
2016-01-29T00:00:00.000,01014000,4280.0
2016-01-30T00:00:00.000,01014000,4240.0
2016-01-31T00:00:00.000,01014000,4190.0
2016-02-01T00:00:00.000,01014000,4140.0
2016-02-02T00:00:00.000,01014000,4100.0
2016-02-03T00:00:00.000,01014000,4090.0
2016-02-04T00:00:00.000,01014000,4100.0
2016-02-05T00:00:00.000,01014000,4210.0
2016-02-06T00:00:00.000,01014000,4500.0
2016-02-07T00:00:00.000,01014000,4820.0
2016-02-08T00:00:00.000,01014000,5130.0
2016-02-09T00:00:00.000,01014000,5250.0
2016-02-10T00:00:00.000,01014000,5250.0
2016-02-11T00:00:00.000,01014000,5090.0
2016-02-12T00:00:00.000,01014000,4700.0
2016-02-13T00:00:00.000,01014000,4230.0
2016-02-14T00:00:00.000,01014000,3860.0
2016-02-15T00:00:00.000,01014000,3560.0
2016-02-16T00:00:00.000,01014000,3350.0
2016-02-17T00:00:00.000,01014000,3320.0
2016-02-18T00:00:00.000,01014000,3360.0
2016-02-19T00:00:00.000,01014000,3550.0
2016-02-20T00:00:00.000,01014000,3940.0
2016-02-21T00:00:00.000,01014000,4390.0
2016-02-22T00:00:00.000,01014000,4450.0
2016-02-23T00:00:00.000,01014000,4290.0
2016-02-24T00:00:00.000,01014000,4120.0
2016-02-25T00:00:00.000,01014000,4180.0
2016-02-26T00:00:00.000,01014000,5010.0
2016-02-27T00:00:00.000,01014000,7510.0
2016-02-28T00:00:00.000,01014000,10800.0
2016-02-29T00:00:00.000,01014000,12300.0
2016-03-01T00:00:00.000,01014000,12100.0
2016-03-02T00:00:00.000,01014000,11400.0
2016-03-03T00:00:00.000,01014000,10800.0
2016-03-04T00:00:00.000,01014000,10300.0
2016-03-05T00:00:00.000,01014000,9790.0
2016-03-06T00:00:00.000,01014000,9260.0
2016-03-07T00:00:00.000,01014000,8840.0
2016-03-08T00:00:00.000,01014000,8350.0
2016-03-09T00:00:00.000,01014000,7900.0
2016-03-10T00:00:00.000,01014000,7670.0
2016-03-11T00:00:00.000,01014000,7680.0
2016-03-12T00:00:00.000,01014000,9600.0
2016-03-13T00:00:00.000,01014000,13200.0
2016-03-14T00:00:00.000,01014000,13800.0
2016-03-15T00:00:00.000,01014000,13100.0
2016-03-16T00:00:00.000,01014000,12300.0
2016-03-17T00:00:00.000,01014000,12500.0
2016-03-18T00:00:00.000,01014000,13200.0
2016-03-19T00:00:00.000,01014000,12700.0
2016-03-20T00:00:00.000,01014000,12000.0
2016-03-21T00:00:00.000,01014000,11300.0
2016-03-22T00:00:00.000,01014000,10700.0
2016-03-23T00:00:00.000,01014000,10000.0
2016-03-24T00:00:00.000,01014000,9410.0
2016-03-25T00:00:00.000,01014000,8850.0
2016-03-26T00:00:00.000,01014000,8440.0
2016-03-27T00:00:00.000,01014000,8200.0
2016-03-28T00:00:00.000,01014000,8260.0
2016-03-29T00:00:00.000,01014000,9000.0
2016-03-30T00:00:00.000,01014000,11100.0
2016-03-31T00:00:00.000,01014000,14100.0
2016-04-01T00:00:00.000,01014000,18600.0
2016-04-02T00:00:00.000,01014000,24500.0
2016-04-03T00:00:00.000,01014000,31600.0
2016-04-04T00:00:00.000,01014000,36000.0
2016-04-05T00:00:00.000,01014000,36000.0
2016-04-06T00:00:00.000,01014000,31600.0
2016-04-07T00:00:00.000,01014000,26800.0
2016-04-08T00:00:00.000,01014000,24400.0
2016-04-09T00:00:00.000,01014000,25100.0
2016-04-10T00:00:00.000,01014000,28100.0
2016-04-11T00:00:00.000,01014000,28100.0
2016-04-12T00:00:00.000,01014000,27000.0
2016-04-13T00:00:00.000,01014000,26900.0
2016-04-14T00:00:00.000,01014000,28100.0
2016-04-15T00:00:00.000,01014000,29300.0
2016-04-16T00:00:00.000,01014000,30700.0
2016-04-17T00:00:00.000,01014000,33800.0
2016-04-18T00:00:00.000,01014000,41600.0
2016-04-19T00:00:00.000,01014000,47700.0
2016-04-20T00:00:00.000,01014000,49300.0
2016-04-21T00:00:00.000,01014000,48300.0
2016-04-22T00:00:00.000,01014000,51700.0
2016-04-23T00:00:00.000,01014000,58100.0
2016-04-24T00:00:00.000,01014000,62700.0
2016-04-25T00:00:00.000,01014000,56700.0
2016-04-26T00:00:00.000,01014000,46900.0
2016-04-27T00:00:00.000,01014000,39200.0
2016-04-28T00:00:00.000,01014000,33500.0
2016-04-29T00:00:00.000,01014000,28900.0
2016-04-30T00:00:00.000,01014000,25800.0
2016-05-01T00:00:00.000,01014000,24300.0
2016-05-02T00:00:00.000,01014000,24800.0
2016-05-03T00:00:00.000,01014000,28100.0
2016-05-04T00:00:00.000,01014000,31500.0
2016-05-05T00:00:00.000,01014000,31400.0
2016-05-06T00:00:00.000,01014000,31500.0
2016-05-07T00:00:00.000,01014000,32600.0
2016-05-08T00:00:00.000,01014000,33300.0
2016-05-09T00:00:00.000,01014000,34500.0
2016-05-10T00:00:00.000,01014000,31700.0
2016-05-11T00:00:00.000,01014000,26600.0
2016-05-12T00:00:00.000,01014000,22700.0
2016-05-13T00:00:00.000,01014000,20300.0
2016-05-14T00:00:00.000,01014000,20300.0
2016-05-15T00:00:00.000,01014000,22400.0
2016-05-16T00:00:00.000,01014000,23400.0
2016-05-17T00:00:00.000,01014000,22900.0
2016-05-18T00:00:00.000,01014000,20400.0
2016-05-19T00:00:00.000,01014000,17800.0
2016-05-20T00:00:00.000,01014000,15600.0
2016-05-21T00:00:00.000,01014000,13700.0
2016-05-22T00:00:00.000,01014000,12200.0
2016-05-23T00:00:00.000,01014000,10900.0
2016-05-24T00:00:00.000,01014000,9810.0
2016-05-25T00:00:00.000,01014000,8970.0
2016-05-26T00:00:00.000,01014000,8400.0
2016-05-27T00:00:00.000,01014000,7940.0
2016-05-28T00:00:00.000,01014000,7820.0
2016-05-29T00:00:00.000,01014000,7600.0
2016-05-30T00:00:00.000,01014000,7440.0
2016-05-31T00:00:00.000,01014000,7920.0
2016-06-01T00:00:00.000,01014000,8670.0
2016-06-02T00:00:00.000,01014000,8570.0
2016-06-03T00:00:00.000,01014000,7720.0
2016-06-04T00:00:00.000,01014000,7300.0
2016-06-05T00:00:00.000,01014000,6730.0
2016-06-06T00:00:00.000,01014000,7350.0
2016-06-07T00:00:00.000,01014000,11900.0
2016-06-08T00:00:00.000,01014000,15700.0
2016-06-09T00:00:00.000,01014000,13700.0
2016-06-10T00:00:00.000,01014000,11900.0
2016-06-11T00:00:00.000,01014000,10400.0
2016-06-12T00:00:00.000,01014000,9840.0
2016-06-13T00:00:00.000,01014000,12600.0
2016-06-14T00:00:00.000,01014000,16100.0
2016-06-15T00:00:00.000,01014000,15200.0
2016-06-16T00:00:00.000,01014000,13100.0
2016-06-17T00:00:00.000,01014000,10900.0
2016-06-18T00:00:00.000,01014000,9250.0
2016-06-19T00:00:00.000,01014000,8090.0
2016-06-20T00:00:00.000,01014000,7260.0
2016-06-21T00:00:00.000,01014000,6650.0
2016-06-22T00:00:00.000,01014000,6200.0
2016-06-23T00:00:00.000,01014000,5810.0
2016-06-24T00:00:00.000,01014000,5430.0
2016-06-25T00:00:00.000,01014000,4980.0
2016-06-26T00:00:00.000,01014000,4530.0
2016-06-27T00:00:00.000,01014000,4120.0
2016-06-28T00:00:00.000,01014000,3790.0
2016-06-29T00:00:00.000,01014000,3900.0
2016-06-30T00:00:00.000,01014000,5660.0
2016-07-01T00:00:00.000,01014000,5870.0
2016-07-02T00:00:00.000,01014000,5660.0
2016-07-03T00:00:00.000,01014000,6330.0
2016-07-04T00:00:00.000,01014000,5700.0
2016-07-05T00:00:00.000,01014000,5320.0
2016-07-06T00:00:00.000,01014000,5970.0
2016-07-07T00:00:00.000,01014000,7140.0
2016-07-08T00:00:00.000,01014000,12400.0
2016-07-09T00:00:00.000,01014000,13900.0
2016-07-10T00:00:00.000,01014000,11900.0
2016-07-11T00:00:00.000,01014000,10700.0
2016-07-12T00:00:00.000,01014000,11400.0
2016-07-13T00:00:00.000,01014000,10700.0
2016-07-14T00:00:00.000,01014000,9220.0
2016-07-15T00:00:00.000,01014000,9670.0
2016-07-16T00:00:00.000,01014000,10900.0
2016-07-17T00:00:00.000,01014000,10700.0
2016-07-18T00:00:00.000,01014000,9070.0
2016-07-19T00:00:00.000,01014000,8040.0
2016-07-20T00:00:00.000,01014000,7190.0
2016-07-21T00:00:00.000,01014000,6530.0
2016-07-22T00:00:00.000,01014000,5980.0
2016-07-23T00:00:00.000,01014000,5860.0
2016-07-24T00:00:00.000,01014000,5330.0
2016-07-25T00:00:00.000,01014000,4690.0
2016-07-26T00:00:00.000,01014000,4770.0
2016-07-27T00:00:00.000,01014000,5090.0
2016-07-28T00:00:00.000,01014000,4980.0
2016-07-29T00:00:00.000,01014000,5410.0
2016-07-30T00:00:00.000,01014000,4730.0
2016-07-31T00:00:00.000,01014000,4030.0
2016-08-01T00:00:00.000,01014000,3530.0
2016-08-02T00:00:00.000,01014000,3180.0
2016-08-03T00:00:00.000,01014000,2910.0
2016-08-04T00:00:00.000,01014000,2750.0
2016-08-05T00:00:00.000,01014000,2740.0
2016-08-06T00:00:00.000,01014000,2710.0
2016-08-07T00:00:00.000,01014000,2690.0
2016-08-08T00:00:00.000,01014000,2640.0
2016-08-09T00:00:00.000,01014000,2490.0
2016-08-10T00:00:00.000,01014000,2370.0
2016-08-11T00:00:00.000,01014000,2250.0
2016-08-12T00:00:00.000,01014000,2130.0
2016-08-13T00:00:00.000,01014000,2150.0
2016-08-14T00:00:00.000,01014000,2400.0
2016-08-15T00:00:00.000,01014000,3170.0
2016-08-16T00:00:00.000,01014000,8620.0
2016-08-17T00:00:00.000,01014000,9660.0
2016-08-18T00:00:00.000,01014000,11100.0
2016-08-19T00:00:00.000,01014000,12800.0
2016-08-20T00:00:00.000,01014000,10900.0
2016-08-21T00:00:00.000,01014000,8490.0
2016-08-22T00:00:00.000,01014000,7580.0
2016-08-23T00:00:00.000,01014000,8720.0
2016-08-24T00:00:00.000,01014000,9440.0
2016-08-25T00:00:00.000,01014000,8750.0
2016-08-26T00:00:00.000,01014000,7260.0
2016-08-27T00:00:00.000,01014000,6090.0
2016-08-28T00:00:00.000,01014000,5170.0
2016-08-29T00:00:00.000,01014000,4790.0
2016-08-30T00:00:00.000,01014000,4910.0
2016-08-31T00:00:00.000,01014000,4470.0
2016-09-01T00:00:00.000,01014000,4140.0
2016-09-02T00:00:00.000,01014000,3840.0
2016-09-03T00:00:00.000,01014000,3330.0
2016-09-04T00:00:00.000,01014000,3070.0
2016-09-05T00:00:00.000,01014000,2990.0
2016-09-06T00:00:00.000,01014000,2840.0
2016-09-07T00:00:00.000,01014000,2660.0
2016-09-08T00:00:00.000,01014000,2720.0
2016-09-09T00:00:00.000,01014000,3320.0
2016-09-10T00:00:00.000,01014000,4360.0
2016-09-11T00:00:00.000,01014000,4460.0
2016-09-12T00:00:00.000,01014000,3930.0
2016-09-13T00:00:00.000,01014000,3520.0
2016-09-14T00:00:00.000,01014000,3120.0
2016-09-15T00:00:00.000,01014000,2960.0
2016-09-16T00:00:00.000,01014000,2780.0
2016-09-17T00:00:00.000,01014000,2620.0
2016-09-18T00:00:00.000,01014000,2540.0
2016-09-19T00:00:00.000,01014000,2340.0
2016-09-20T00:00:00.000,01014000,2260.0
2016-09-21T00:00:00.000,01014000,2300.0
2016-09-22T00:00:00.000,01014000,2410.0
2016-09-23T00:00:00.000,01014000,2490.0
2016-09-24T00:00:00.000,01014000,2470.0
2016-09-25T00:00:00.000,01014000,2450.0
2016-09-26T00:00:00.000,01014000,2270.0
2016-09-27T00:00:00.000,01014000,2140.0
2016-09-28T00:00:00.000,01014000,1970.0
2016-09-29T00:00:00.000,01014000,1830.0
2016-09-30T00:00:00.000,01014000,1720.0
2016-10-01T00:00:00.000,01014000,1620.0
2016-10-02T00:00:00.000,01014000,1560.0
2016-10-03T00:00:00.000,01014000,1490.0
2016-10-04T00:00:00.000,01014000,1420.0
2016-10-05T00:00:00.000,01014000,1350.0
2016-10-06T00:00:00.000,01014000,1300.0
2016-10-07T00:00:00.000,01014000,1260.0
2016-10-08T00:00:00.000,01014000,1210.0
2016-10-09T00:00:00.000,01014000,1170.0
2016-10-10T00:00:00.000,01014000,1120.0
2016-10-11T00:00:00.000,01014000,1080.0
2016-10-12T00:00:00.000,01014000,1030.0
2016-10-13T00:00:00.000,01014000,998.0
2016-10-14T00:00:00.000,01014000,978.0
2016-10-15T00:00:00.000,01014000,966.0
2016-10-16T00:00:00.000,01014000,948.0
2016-10-17T00:00:00.000,01014000,959.0
2016-10-18T00:00:00.000,01014000,1010.0
2016-10-19T00:00:00.000,01014000,1150.0
2016-10-20T00:00:00.000,01014000,1160.0
2016-10-21T00:00:00.000,01014000,2100.0
2016-10-22T00:00:00.000,01014000,10800.0
2016-10-23T00:00:00.000,01014000,36900.0
2016-10-24T00:00:00.000,01014000,42200.0
2016-10-25T00:00:00.000,01014000,32000.0
2016-10-26T00:00:00.000,01014000,21900.0
2016-10-27T00:00:00.000,01014000,15600.0
2016-10-28T00:00:00.000,01014000,12200.0
2016-10-29T00:00:00.000,01014000,10200.0
2016-10-30T00:00:00.000,01014000,9380.0
2016-10-31T00:00:00.000,01014000,9210.0
2016-11-01T00:00:00.000,01014000,9030.0
2016-11-02T00:00:00.000,01014000,8480.0
2016-11-03T00:00:00.000,01014000,8330.0
2016-11-04T00:00:00.000,01014000,9700.0
2016-11-05T00:00:00.000,01014000,11300.0
2016-11-06T00:00:00.000,01014000,10900.0
2016-11-07T00:00:00.000,01014000,9500.0
2016-11-08T00:00:00.000,01014000,8360.0
2016-11-09T00:00:00.000,01014000,7570.0
2016-11-10T00:00:00.000,01014000,7030.0
2016-11-11T00:00:00.000,01014000,6610.0
2016-11-12T00:00:00.000,01014000,6360.0
2016-11-13T00:00:00.000,01014000,6250.0
2016-11-14T00:00:00.000,01014000,6100.0
2016-11-15T00:00:00.000,01014000,5770.0
2016-11-16T00:00:00.000,01014000,5890.0
2016-11-17T00:00:00.000,01014000,8360.0
2016-11-18T00:00:00.000,01014000,15200.0
2016-11-19T00:00:00.000,01014000,13900.0
2016-11-20T00:00:00.000,01014000,11700.0
2016-11-21T00:00:00.000,01014000,10700.0
2016-11-22T00:00:00.000,01014000,10900.0
2016-11-23T00:00:00.000,01014000,10800.0
2016-11-24T00:00:00.000,01014000,9920.0
2016-11-25T00:00:00.000,01014000,9000.0
2016-11-26T00:00:00.000,01014000,8440.0
2016-11-27T00:00:00.000,01014000,8040.0
2016-11-28T00:00:00.000,01014000,7730.0
2016-11-29T00:00:00.000,01014000,7560.0
2016-11-30T00:00:00.000,01014000,7510.0
2016-12-01T00:00:00.000,01014000,7480.0
2016-12-02T00:00:00.000,01014000,7410.0
2016-12-03T00:00:00.000,01014000,7100.0
2016-12-04T00:00:00.000,01014000,6630.0
2016-12-05T00:00:00.000,01014000,6080.0
2016-12-06T00:00:00.000,01014000,5440.0
2016-12-07T00:00:00.000,01014000,4890.0
2016-12-08T00:00:00.000,01014000,4700.0
2016-12-09T00:00:00.000,01014000,4560.0
2016-12-10T00:00:00.000,01014000,3790.0
2016-12-11T00:00:00.000,01014000,2570.0
2016-12-12T00:00:00.000,01014000,1910.0
2016-12-13T00:00:00.000,01014000,1890.0
2016-12-14T00:00:00.000,01014000,2560.0
2016-12-15T00:00:00.000,01014000,3120.0
2016-12-16T00:00:00.000,01014000,3190.0
2016-12-17T00:00:00.000,01014000,3110.0
2016-12-18T00:00:00.000,01014000,3040.0
2016-12-19T00:00:00.000,01014000,2980.0
2016-12-20T00:00:00.000,01014000,2910.0
2016-12-21T00:00:00.000,01014000,2850.0
2016-12-22T00:00:00.000,01014000,2790.0
2016-12-23T00:00:00.000,01014000,2740.0
2016-12-24T00:00:00.000,01014000,2690.0
2016-12-25T00:00:00.000,01014000,2640.0
2016-12-26T00:00:00.000,01014000,2600.0
2016-12-27T00:00:00.000,01014000,2560.0
2016-12-28T00:00:00.000,01014000,2530.0
2016-12-29T00:00:00.000,01014000,2500.0
2016-12-30T00:00:00.000,01014000,2830.0
2016-12-31T00:00:00.000,01014000,3410.0
2017-01-01T00:00:00.000,01014000,3620.0
2017-01-02T00:00:00.000,01014000,3620.0
2017-01-03T00:00:00.000,01014000,3560.0
2017-01-04T00:00:00.000,01014000,3490.0
2017-01-05T00:00:00.000,01014000,3410.0
2017-01-06T00:00:00.000,01014000,3320.0
2017-01-07T00:00:00.000,01014000,3250.0
2017-01-08T00:00:00.000,01014000,3180.0
2017-01-09T00:00:00.000,01014000,3130.0
2017-01-10T00:00:00.000,01014000,3090.0
2017-01-11T00:00:00.000,01014000,3060.0
2017-01-12T00:00:00.000,01014000,3130.0
2017-01-13T00:00:00.000,01014000,3380.0
2017-01-14T00:00:00.000,01014000,3870.0
2017-01-15T00:00:00.000,01014000,4360.0
2017-01-16T00:00:00.000,01014000,4650.0
2017-01-17T00:00:00.000,01014000,4770.0
2017-01-18T00:00:00.000,01014000,4690.0
2017-01-19T00:00:00.000,01014000,4500.0
2017-01-20T00:00:00.000,01014000,4270.0
2017-01-21T00:00:00.000,01014000,4050.0
2017-01-22T00:00:00.000,01014000,3870.0
2017-01-23T00:00:00.000,01014000,3710.0
2017-01-24T00:00:00.000,01014000,3590.0
2017-01-25T00:00:00.000,01014000,3540.0
2017-01-26T00:00:00.000,01014000,3540.0
2017-01-27T00:00:00.000,01014000,3510.0
2017-01-28T00:00:00.000,01014000,3480.0
2017-01-29T00:00:00.000,01014000,3420.0
2017-01-30T00:00:00.000,01014000,3360.0
2017-01-31T00:00:00.000,01014000,3290.0
2017-02-01T00:00:00.000,01014000,3230.0
2017-02-02T00:00:00.000,01014000,3160.0
2017-02-03T00:00:00.000,01014000,3100.0
2017-02-04T00:00:00.000,01014000,3070.0
2017-02-05T00:00:00.000,01014000,3040.0
2017-02-06T00:00:00.000,01014000,3000.0
2017-02-07T00:00:00.000,01014000,2980.0
2017-02-08T00:00:00.000,01014000,2960.0
2017-02-09T00:00:00.000,01014000,2940.0
2017-02-10T00:00:00.000,01014000,2930.0
2017-02-11T00:00:00.000,01014000,2920.0
2017-02-12T00:00:00.000,01014000,2900.0
2017-02-13T00:00:00.000,01014000,2890.0
2017-02-14T00:00:00.000,01014000,2880.0
2017-02-15T00:00:00.000,01014000,2880.0
2017-02-16T00:00:00.000,01014000,2870.0
2017-02-17T00:00:00.000,01014000,2840.0
2017-02-18T00:00:00.000,01014000,2820.0
2017-02-19T00:00:00.000,01014000,2790.0
2017-02-20T00:00:00.000,01014000,2760.0
2017-02-21T00:00:00.000,01014000,2700.0
2017-02-22T00:00:00.000,01014000,2690.0
2017-02-23T00:00:00.000,01014000,2680.0
2017-02-24T00:00:00.000,01014000,2890.0
2017-02-25T00:00:00.000,01014000,3450.0
2017-02-26T00:00:00.000,01014000,4530.0
2017-02-27T00:00:00.000,01014000,6520.0
2017-02-28T00:00:00.000,01014000,9360.0
2017-03-01T00:00:00.000,01014000,11100.0
2017-03-02T00:00:00.000,01014000,12000.0
2017-03-03T00:00:00.000,01014000,12100.0
2017-03-04T00:00:00.000,01014000,12000.0
2017-03-05T00:00:00.000,01014000,11600.0
2017-03-06T00:00:00.000,01014000,10900.0
2017-03-07T00:00:00.000,01014000,10300.0
2017-03-08T00:00:00.000,01014000,9740.0
2017-03-09T00:00:00.000,01014000,9290.0
2017-03-10T00:00:00.000,01014000,8830.0
2017-03-11T00:00:00.000,01014000,8480.0
2017-03-12T00:00:00.000,01014000,8100.0
2017-03-13T00:00:00.000,01014000,7790.0
2017-03-14T00:00:00.000,01014000,7560.0
2017-03-15T00:00:00.000,01014000,7420.0
2017-03-16T00:00:00.000,01014000,7470.0
2017-03-17T00:00:00.000,01014000,7360.0
2017-03-18T00:00:00.000,01014000,7080.0
2017-03-19T00:00:00.000,01014000,6790.0
2017-03-20T00:00:00.000,01014000,6530.0
2017-03-21T00:00:00.000,01014000,6290.0
2017-03-22T00:00:00.000,01014000,6070.0
2017-03-23T00:00:00.000,01014000,5870.0
2017-03-24T00:00:00.000,01014000,5720.0
2017-03-25T00:00:00.000,01014000,5600.0
2017-03-26T00:00:00.000,01014000,5500.0
2017-03-27T00:00:00.000,01014000,5420.0
2017-03-28T00:00:00.000,01014000,5350.0
2017-03-29T00:00:00.000,01014000,5280.0
2017-03-30T00:00:00.000,01014000,5200.0
2017-03-31T00:00:00.000,01014000,5030.0
2017-04-01T00:00:00.000,01014000,4970.0
2017-04-02T00:00:00.000,01014000,4920.0
2017-04-03T00:00:00.000,01014000,4930.0
2017-04-04T00:00:00.000,01014000,5010.0
2017-04-05T00:00:00.000,01014000,5190.0
2017-04-06T00:00:00.000,01014000,5390.0
2017-04-07T00:00:00.000,01014000,6710.0
2017-04-08T00:00:00.000,01014000,10000.0
2017-04-09T00:00:00.000,01014000,16300.0
2017-04-10T00:00:00.000,01014000,23100.0
2017-04-11T00:00:00.000,01014000,30700.0
2017-04-12T00:00:00.000,01014000,47500.0
2017-04-13T00:00:00.000,01014000,56700.0
2017-04-14T00:00:00.000,01014000,60200.0
2017-04-15T00:00:00.000,01014000,61600.0
2017-04-16T00:00:00.000,01014000,64200.0
2017-04-17T00:00:00.000,01014000,68600.0
2017-04-18T00:00:00.000,01014000,72200.0
2017-04-19T00:00:00.000,01014000,64700.0
2017-04-20T00:00:00.000,01014000,57500.0
2017-04-21T00:00:00.000,01014000,52300.0
2017-04-22T00:00:00.000,01014000,49600.0
2017-04-23T00:00:00.000,01014000,48500.0
2017-04-24T00:00:00.000,01014000,49300.0
2017-04-25T00:00:00.000,01014000,51200.0
2017-04-26T00:00:00.000,01014000,53200.0
2017-04-27T00:00:00.000,01014000,72900.0
2017-04-28T00:00:00.000,01014000,91900.0
2017-04-29T00:00:00.000,01014000,94900.0
2017-04-30T00:00:00.000,01014000,89900.0
2017-05-01T00:00:00.000,01014000,78900.0
2017-05-02T00:00:00.000,01014000,80900.0
2017-05-03T00:00:00.000,01014000,92100.0
2017-05-04T00:00:00.000,01014000,86600.0
2017-05-05T00:00:00.000,01014000,72300.0
2017-05-06T00:00:00.000,01014000,61400.0
2017-05-07T00:00:00.000,01014000,57300.0
2017-05-08T00:00:00.000,01014000,58300.0
2017-05-09T00:00:00.000,01014000,56600.0
2017-05-10T00:00:00.000,01014000,51400.0
2017-05-11T00:00:00.000,01014000,44800.0
2017-05-12T00:00:00.000,01014000,39500.0
2017-05-13T00:00:00.000,01014000,34900.0
2017-05-14T00:00:00.000,01014000,30700.0
2017-05-15T00:00:00.000,01014000,28200.0
2017-05-16T00:00:00.000,01014000,28700.0
2017-05-17T00:00:00.000,01014000,28400.0
2017-05-18T00:00:00.000,01014000,25000.0
2017-05-19T00:00:00.000,01014000,23600.0
2017-05-20T00:00:00.000,01014000,23100.0
2017-05-21T00:00:00.000,01014000,20100.0
2017-05-22T00:00:00.000,01014000,17100.0
2017-05-23T00:00:00.000,01014000,14900.0
2017-05-24T00:00:00.000,01014000,13300.0
2017-05-25T00:00:00.000,01014000,12100.0
2017-05-26T00:00:00.000,01014000,11000.0
2017-05-27T00:00:00.000,01014000,10200.0
2017-05-28T00:00:00.000,01014000,11100.0
2017-05-29T00:00:00.000,01014000,11900.0
2017-05-30T00:00:00.000,01014000,10500.0
2017-05-31T00:00:00.000,01014000,9440.0
2017-06-01T00:00:00.000,01014000,9680.0
2017-06-02T00:00:00.000,01014000,11100.0
2017-06-03T00:00:00.000,01014000,10700.0
2017-06-04T00:00:00.000,01014000,9400.0
2017-06-05T00:00:00.000,01014000,8360.0
2017-06-06T00:00:00.000,01014000,7600.0
2017-06-07T00:00:00.000,01014000,7010.0
2017-06-08T00:00:00.000,01014000,6470.0
2017-06-09T00:00:00.000,01014000,5970.0
2017-06-10T00:00:00.000,01014000,5490.0
2017-06-11T00:00:00.000,01014000,5010.0
2017-06-12T00:00:00.000,01014000,4670.0
2017-06-13T00:00:00.000,01014000,4530.0
2017-06-14T00:00:00.000,01014000,4250.0
2017-06-15T00:00:00.000,01014000,3800.0
2017-06-16T00:00:00.000,01014000,3520.0
2017-06-17T00:00:00.000,01014000,3900.0
2017-06-18T00:00:00.000,01014000,4550.0
2017-06-19T00:00:00.000,01014000,5120.0
2017-06-20T00:00:00.000,01014000,6650.0
2017-06-21T00:00:00.000,01014000,7560.0
2017-06-22T00:00:00.000,01014000,6890.0
2017-06-23T00:00:00.000,01014000,6690.0
2017-06-24T00:00:00.000,01014000,7630.0
2017-06-25T00:00:00.000,01014000,8690.0
2017-06-26T00:00:00.000,01014000,9820.0
2017-06-27T00:00:00.000,01014000,8840.0
2017-06-28T00:00:00.000,01014000,7700.0
2017-06-29T00:00:00.000,01014000,7330.0
2017-06-30T00:00:00.000,01014000,7090.0
2017-07-01T00:00:00.000,01014000,6580.0
2017-07-02T00:00:00.000,01014000,6610.0
2017-07-03T00:00:00.000,01014000,6930.0
2017-07-04T00:00:00.000,01014000,6970.0
2017-07-05T00:00:00.000,01014000,6610.0
2017-07-06T00:00:00.000,01014000,6320.0
2017-07-07T00:00:00.000,01014000,5720.0
2017-07-08T00:00:00.000,01014000,6480.0
2017-07-09T00:00:00.000,01014000,7410.0
2017-07-10T00:00:00.000,01014000,8100.0
2017-07-11T00:00:00.000,01014000,8460.0
2017-07-12T00:00:00.000,01014000,8210.0
2017-07-13T00:00:00.000,01014000,7620.0
2017-07-14T00:00:00.000,01014000,6630.0
2017-07-15T00:00:00.000,01014000,5700.0
2017-07-16T00:00:00.000,01014000,4980.0
2017-07-17T00:00:00.000,01014000,4550.0
2017-07-18T00:00:00.000,01014000,4200.0
2017-07-19T00:00:00.000,01014000,3950.0
2017-07-20T00:00:00.000,01014000,4170.0
2017-07-21T00:00:00.000,01014000,4450.0
2017-07-22T00:00:00.000,01014000,4320.0
2017-07-23T00:00:00.000,01014000,3800.0
2017-07-24T00:00:00.000,01014000,3380.0
2017-07-25T00:00:00.000,01014000,3100.0
2017-07-26T00:00:00.000,01014000,2940.0
2017-07-27T00:00:00.000,01014000,2650.0
2017-07-28T00:00:00.000,01014000,2390.0
2017-07-29T00:00:00.000,01014000,2160.0
2017-07-30T00:00:00.000,01014000,1950.0
2017-07-31T00:00:00.000,01014000,1810.0
2017-08-01T00:00:00.000,01014000,1720.0
2017-08-02T00:00:00.000,01014000,1660.0
2017-08-03T00:00:00.000,01014000,1590.0
2017-08-04T00:00:00.000,01014000,1520.0
2017-08-05T00:00:00.000,01014000,1610.0
2017-08-06T00:00:00.000,01014000,1650.0
2017-08-07T00:00:00.000,01014000,1660.0
2017-08-08T00:00:00.000,01014000,1670.0
2017-08-09T00:00:00.000,01014000,1500.0
2017-08-10T00:00:00.000,01014000,1450.0
2017-08-11T00:00:00.000,01014000,1420.0
2017-08-12T00:00:00.000,01014000,1360.0
2017-08-13T00:00:00.000,01014000,1290.0
2017-08-14T00:00:00.000,01014000,1250.0
2017-08-15T00:00:00.000,01014000,1210.0
2017-08-16T00:00:00.000,01014000,1240.0
2017-08-17T00:00:00.000,01014000,1440.0
2017-08-18T00:00:00.000,01014000,1460.0
2017-08-19T00:00:00.000,01014000,1350.0
2017-08-20T00:00:00.000,01014000,1320.0
2017-08-21T00:00:00.000,01014000,1310.0
2017-08-22T00:00:00.000,01014000,1250.0
2017-08-23T00:00:00.000,01014000,1280.0
2017-08-24T00:00:00.000,01014000,1330.0
2017-08-25T00:00:00.000,01014000,1340.0
2017-08-26T00:00:00.000,01014000,1270.0
2017-08-27T00:00:00.000,01014000,1430.0
2017-08-28T00:00:00.000,01014000,1390.0
2017-08-29T00:00:00.000,01014000,1240.0
2017-08-30T00:00:00.000,01014000,1130.0
2017-08-31T00:00:00.000,01014000,1060.0
2017-09-01T00:00:00.000,01014000,1030.0
2017-09-02T00:00:00.000,01014000,982.0
2017-09-03T00:00:00.000,01014000,939.0
2017-09-04T00:00:00.000,01014000,1100.0
2017-09-05T00:00:00.000,01014000,1250.0
2017-09-06T00:00:00.000,01014000,1360.0
2017-09-07T00:00:00.000,01014000,1580.0
2017-09-08T00:00:00.000,01014000,2050.0
2017-09-09T00:00:00.000,01014000,2450.0
2017-09-10T00:00:00.000,01014000,2990.0
2017-09-11T00:00:00.000,01014000,3090.0
2017-09-12T00:00:00.000,01014000,2620.0
2017-09-13T00:00:00.000,01014000,2300.0
2017-09-14T00:00:00.000,01014000,2040.0
2017-09-15T00:00:00.000,01014000,1810.0
2017-09-16T00:00:00.000,01014000,1630.0
2017-09-17T00:00:00.000,01014000,1490.0
2017-09-18T00:00:00.000,01014000,1400.0
2017-09-19T00:00:00.000,01014000,1330.0
2017-09-20T00:00:00.000,01014000,1250.0
2017-09-21T00:00:00.000,01014000,1180.0
2017-09-22T00:00:00.000,01014000,1130.0
2017-09-23T00:00:00.000,01014000,1080.0
2017-09-24T00:00:00.000,01014000,1040.0
2017-09-25T00:00:00.000,01014000,1010.0
2017-09-26T00:00:00.000,01014000,984.0
2017-09-27T00:00:00.000,01014000,988.0
2017-09-28T00:00:00.000,01014000,1030.0
2017-09-29T00:00:00.000,01014000,1000.0
2017-09-30T00:00:00.000,01014000,957.0
2017-10-01T00:00:00.000,01014000,918.0
2017-10-02T00:00:00.000,01014000,907.0
2017-10-03T00:00:00.000,01014000,894.0
2017-10-04T00:00:00.000,01014000,888.0
2017-10-05T00:00:00.000,01014000,1120.0
2017-10-06T00:00:00.000,01014000,1270.0
2017-10-07T00:00:00.000,01014000,1330.0
2017-10-08T00:00:00.000,01014000,1230.0
2017-10-09T00:00:00.000,01014000,1320.0
2017-10-10T00:00:00.000,01014000,1650.0
2017-10-11T00:00:00.000,01014000,1770.0
2017-10-12T00:00:00.000,01014000,2600.0
2017-10-13T00:00:00.000,01014000,3160.0
2017-10-14T00:00:00.000,01014000,2590.0
2017-10-15T00:00:00.000,01014000,2210.0
2017-10-16T00:00:00.000,01014000,2190.0
2017-10-17T00:00:00.000,01014000,2860.0
2017-10-18T00:00:00.000,01014000,4170.0
2017-10-19T00:00:00.000,01014000,3980.0
2017-10-20T00:00:00.000,01014000,3210.0
2017-10-21T00:00:00.000,01014000,2630.0
2017-10-22T00:00:00.000,01014000,2230.0
2017-10-23T00:00:00.000,01014000,1960.0
2017-10-24T00:00:00.000,01014000,1770.0
2017-10-25T00:00:00.000,01014000,1850.0
2017-10-26T00:00:00.000,01014000,7050.0
2017-10-27T00:00:00.000,01014000,25900.0
2017-10-28T00:00:00.000,01014000,37200.0
2017-10-29T00:00:00.000,01014000,32400.0
2017-10-30T00:00:00.000,01014000,24900.0
2017-10-31T00:00:00.000,01014000,24400.0
2017-11-01T00:00:00.000,01014000,26400.0
2017-11-02T00:00:00.000,01014000,22800.0
2017-11-03T00:00:00.000,01014000,23600.0
2017-11-04T00:00:00.000,01014000,32300.0
2017-11-05T00:00:00.000,01014000,30300.0
2017-11-06T00:00:00.000,01014000,25800.0
2017-11-07T00:00:00.000,01014000,27200.0
2017-11-08T00:00:00.000,01014000,26500.0
2017-11-09T00:00:00.000,01014000,21700.0
2017-11-10T00:00:00.000,01014000,18000.0
2017-11-11T00:00:00.000,01014000,15300.0
2017-11-12T00:00:00.000,01014000,12900.0
2017-11-13T00:00:00.000,01014000,11200.0
2017-11-14T00:00:00.000,01014000,10200.0
2017-11-15T00:00:00.000,01014000,9160.0
2017-11-16T00:00:00.000,01014000,8420.0
2017-11-17T00:00:00.000,01014000,8080.0
2017-11-18T00:00:00.000,01014000,7230.0
2017-11-19T00:00:00.000,01014000,6630.0
2017-11-20T00:00:00.000,01014000,6820.0
2017-11-21T00:00:00.000,01014000,6930.0
2017-11-22T00:00:00.000,01014000,6760.0
2017-11-23T00:00:00.000,01014000,6510.0
2017-11-24T00:00:00.000,01014000,6170.0
2017-11-25T00:00:00.000,01014000,5960.0
2017-11-26T00:00:00.000,01014000,5850.0
2017-11-27T00:00:00.000,01014000,5380.0
2017-11-28T00:00:00.000,01014000,4630.0
2017-11-29T00:00:00.000,01014000,4150.0
2017-11-30T00:00:00.000,01014000,3900.0
2017-12-01T00:00:00.000,01014000,3840.0
2017-12-02T00:00:00.000,01014000,3940.0
2017-12-03T00:00:00.000,01014000,3890.0
2017-12-04T00:00:00.000,01014000,3660.0
2017-12-05T00:00:00.000,01014000,3340.0
2017-12-06T00:00:00.000,01014000,3210.0
2017-12-07T00:00:00.000,01014000,3410.0
2017-12-08T00:00:00.000,01014000,3560.0
2017-12-09T00:00:00.000,01014000,3540.0
2017-12-10T00:00:00.000,01014000,3410.0
2017-12-11T00:00:00.000,01014000,3280.0
2017-12-12T00:00:00.000,01014000,3150.0
2017-12-13T00:00:00.000,01014000,3030.0
2017-12-14T00:00:00.000,01014000,2900.0
2017-12-15T00:00:00.000,01014000,2770.0
2017-12-16T00:00:00.000,01014000,2650.0
2017-12-17T00:00:00.000,01014000,2530.0
2017-12-18T00:00:00.000,01014000,2420.0
2017-12-19T00:00:00.000,01014000,2310.0
2017-12-20T00:00:00.000,01014000,2220.0
2017-12-21T00:00:00.000,01014000,2130.0
2017-12-22T00:00:00.000,01014000,2050.0
2017-12-23T00:00:00.000,01014000,1990.0
2017-12-24T00:00:00.000,01014000,1940.0
2017-12-25T00:00:00.000,01014000,1890.0
2017-12-26T00:00:00.000,01014000,1840.0
2017-12-27T00:00:00.000,01014000,1800.0
2017-12-28T00:00:00.000,01014000,1750.0
2017-12-29T00:00:00.000,01014000,1710.0
2017-12-30T00:00:00.000,01014000,1670.0
2017-12-31T00:00:00.000,01014000,1630.0
2018-01-01T00:00:00.000,01014000,1600.0
2018-01-02T00:00:00.000,01014000,1560.0
2018-01-03T00:00:00.000,01014000,1530.0
2018-01-04T00:00:00.000,01014000,1510.0
2018-01-05T00:00:00.000,01014000,1490.0
2018-01-06T00:00:00.000,01014000,1470.0
2018-01-07T00:00:00.000,01014000,1450.0
2018-01-08T00:00:00.000,01014000,1430.0
2018-01-09T00:00:00.000,01014000,1410.0
2018-01-10T00:00:00.000,01014000,1400.0
2018-01-11T00:00:00.000,01014000,1380.0
2018-01-12T00:00:00.000,01014000,1410.0
2018-01-13T00:00:00.000,01014000,1900.0
2018-01-14T00:00:00.000,01014000,2910.0
2018-01-15T00:00:00.000,01014000,4400.0
2018-01-16T00:00:00.000,01014000,5850.0
2018-01-17T00:00:00.000,01014000,6640.0
2018-01-18T00:00:00.000,01014000,7040.0
2018-01-19T00:00:00.000,01014000,7020.0
2018-01-20T00:00:00.000,01014000,6820.0
2018-01-21T00:00:00.000,01014000,6550.0
2018-01-22T00:00:00.000,01014000,6270.0
2018-01-23T00:00:00.000,01014000,6010.0
2018-01-24T00:00:00.000,01014000,5740.0
2018-01-25T00:00:00.000,01014000,5490.0
2018-01-26T00:00:00.000,01014000,5270.0
2018-01-27T00:00:00.000,01014000,5070.0
2018-01-28T00:00:00.000,01014000,4880.0
2018-01-29T00:00:00.000,01014000,4700.0
2018-01-30T00:00:00.000,01014000,4550.0
2018-01-31T00:00:00.000,01014000,4410.0
2018-02-01T00:00:00.000,01014000,4300.0
2018-02-02T00:00:00.000,01014000,4190.0
2018-02-03T00:00:00.000,01014000,4090.0
2018-02-04T00:00:00.000,01014000,4010.0
2018-02-05T00:00:00.000,01014000,3930.0
2018-02-06T00:00:00.000,01014000,3860.0
2018-02-07T00:00:00.000,01014000,3790.0
2018-02-08T00:00:00.000,01014000,3730.0
2018-02-09T00:00:00.000,01014000,3680.0
2018-02-10T00:00:00.000,01014000,3620.0
2018-02-11T00:00:00.000,01014000,3570.0
2018-02-12T00:00:00.000,01014000,3520.0
2018-02-13T00:00:00.000,01014000,3480.0
2018-02-14T00:00:00.000,01014000,3430.0
2018-02-15T00:00:00.000,01014000,3390.0
2018-02-16T00:00:00.000,01014000,3350.0
2018-02-17T00:00:00.000,01014000,3310.0
2018-02-18T00:00:00.000,01014000,3280.0
2018-02-19T00:00:00.000,01014000,3250.0
2018-02-20T00:00:00.000,01014000,3220.0
2018-02-21T00:00:00.000,01014000,3220.0
2018-02-22T00:00:00.000,01014000,3430.0
2018-02-23T00:00:00.000,01014000,3830.0
2018-02-24T00:00:00.000,01014000,4460.0
2018-02-25T00:00:00.000,01014000,5370.0
2018-02-26T00:00:00.000,01014000,6130.0
2018-02-27T00:00:00.000,01014000,6300.0
2018-02-28T00:00:00.000,01014000,6060.0
2018-03-01T00:00:00.000,01014000,5740.0
2018-03-02T00:00:00.000,01014000,5450.0
2018-03-03T00:00:00.000,01014000,5200.0
2018-03-04T00:00:00.000,01014000,4960.0
2018-03-05T00:00:00.000,01014000,4730.0
2018-03-06T00:00:00.000,01014000,4540.0
2018-03-07T00:00:00.000,01014000,4390.0
2018-03-08T00:00:00.000,01014000,4280.0
2018-03-09T00:00:00.000,01014000,4170.0
2018-03-10T00:00:00.000,01014000,4080.0
2018-03-11T00:00:00.000,01014000,3980.0
2018-03-12T00:00:00.000,01014000,3880.0
2018-03-13T00:00:00.000,01014000,3790.0
2018-03-14T00:00:00.000,01014000,3720.0
2018-03-15T00:00:00.000,01014000,3780.0
2018-03-16T00:00:00.000,01014000,3760.0
2018-03-17T00:00:00.000,01014000,3710.0
2018-03-18T00:00:00.000,01014000,3660.0
2018-03-19T00:00:00.000,01014000,3610.0
2018-03-20T00:00:00.000,01014000,3560.0
2018-03-21T00:00:00.000,01014000,3530.0
2018-03-22T00:00:00.000,01014000,3500.0
2018-03-23T00:00:00.000,01014000,3450.0
2018-03-24T00:00:00.000,01014000,3370.0
2018-03-25T00:00:00.000,01014000,3290.0
2018-03-26T00:00:00.000,01014000,3230.0
2018-03-27T00:00:00.000,01014000,3170.0
2018-03-28T00:00:00.000,01014000,3120.0
2018-03-29T00:00:00.000,01014000,3080.0
2018-03-30T00:00:00.000,01014000,3120.0
2018-03-31T00:00:00.000,01014000,3490.0
2018-04-01T00:00:00.000,01014000,4060.0
2018-04-02T00:00:00.000,01014000,5070.0
2018-04-03T00:00:00.000,01014000,6260.0
2018-04-04T00:00:00.000,01014000,6700.0
2018-04-05T00:00:00.000,01014000,6590.0
2018-04-06T00:00:00.000,01014000,6340.0
2018-04-07T00:00:00.000,01014000,6030.0
2018-04-08T00:00:00.000,01014000,5750.0
2018-04-09T00:00:00.000,01014000,5490.0
2018-04-10T00:00:00.000,01014000,5250.0
2018-04-11T00:00:00.000,01014000,5090.0
2018-04-12T00:00:00.000,01014000,5000.0
2018-04-13T00:00:00.000,01014000,4990.0
2018-04-14T00:00:00.000,01014000,5080.0
2018-04-15T00:00:00.000,01014000,5350.0
2018-04-16T00:00:00.000,01014000,5820.0
2018-04-17T00:00:00.000,01014000,6590.0
2018-04-18T00:00:00.000,01014000,7510.0
2018-04-19T00:00:00.000,01014000,8690.0
2018-04-20T00:00:00.000,01014000,10200.0
2018-04-21T00:00:00.000,01014000,12000.0
2018-04-22T00:00:00.000,01014000,14500.0
2018-04-23T00:00:00.000,01014000,17500.0
2018-04-24T00:00:00.000,01014000,22400.0
2018-04-25T00:00:00.000,01014000,31100.0
2018-04-26T00:00:00.000,01014000,51600.0
2018-04-27T00:00:00.000,01014000,96900.0
2018-04-28T00:00:00.000,01014000,123000.0
2018-04-29T00:00:00.000,01014000,123000.0
2018-04-30T00:00:00.000,01014000,119000.0
2018-05-01T00:00:00.000,01014000,126000.0
2018-05-02T00:00:00.000,01014000,117000.0
2018-05-03T00:00:00.000,01014000,115000.0
2018-05-04T00:00:00.000,01014000,114000.0
2018-05-05T00:00:00.000,01014000,109000.0
2018-05-06T00:00:00.000,01014000,108000.0
2018-05-07T00:00:00.000,01014000,93900.0
2018-05-08T00:00:00.000,01014000,75600.0
2018-05-09T00:00:00.000,01014000,60400.0
2018-05-10T00:00:00.000,01014000,50900.0
2018-05-11T00:00:00.000,01014000,44600.0
2018-05-12T00:00:00.000,01014000,39000.0
2018-05-13T00:00:00.000,01014000,32800.0
2018-05-14T00:00:00.000,01014000,27400.0
2018-05-15T00:00:00.000,01014000,23200.0
2018-05-16T00:00:00.000,01014000,20000.0
2018-05-17T00:00:00.000,01014000,17300.0
2018-05-18T00:00:00.000,01014000,15100.0
2018-05-19T00:00:00.000,01014000,13300.0
2018-05-20T00:00:00.000,01014000,12300.0
2018-05-21T00:00:00.000,01014000,11700.0
2018-05-22T00:00:00.000,01014000,11100.0
2018-05-23T00:00:00.000,01014000,10400.0
2018-05-24T00:00:00.000,01014000,9850.0
2018-05-25T00:00:00.000,01014000,9400.0
2018-05-26T00:00:00.000,01014000,8740.0
2018-05-27T00:00:00.000,01014000,8000.0
2018-05-28T00:00:00.000,01014000,7660.0
2018-05-29T00:00:00.000,01014000,7430.0
2018-05-30T00:00:00.000,01014000,6710.0
2018-05-31T00:00:00.000,01014000,6070.0
2018-06-01T00:00:00.000,01014000,5570.0
2018-06-02T00:00:00.000,01014000,5090.0
2018-06-03T00:00:00.000,01014000,4650.0
2018-06-04T00:00:00.000,01014000,4240.0
2018-06-05T00:00:00.000,01014000,3960.0
2018-06-06T00:00:00.000,01014000,3830.0
2018-06-07T00:00:00.000,01014000,3830.0
2018-06-08T00:00:00.000,01014000,4080.0
2018-06-09T00:00:00.000,01014000,4080.0
2018-06-10T00:00:00.000,01014000,3680.0
2018-06-11T00:00:00.000,01014000,3280.0
2018-06-12T00:00:00.000,01014000,2940.0
2018-06-13T00:00:00.000,01014000,2680.0
2018-06-14T00:00:00.000,01014000,3000.0
2018-06-15T00:00:00.000,01014000,3930.0
2018-06-16T00:00:00.000,01014000,4940.0
2018-06-17T00:00:00.000,01014000,5320.0
2018-06-18T00:00:00.000,01014000,4670.0
2018-06-19T00:00:00.000,01014000,4180.0
2018-06-20T00:00:00.000,01014000,4530.0
2018-06-21T00:00:00.000,01014000,4210.0
2018-06-22T00:00:00.000,01014000,3550.0
2018-06-23T00:00:00.000,01014000,3020.0
2018-06-24T00:00:00.000,01014000,2680.0
2018-06-25T00:00:00.000,01014000,2450.0
2018-06-26T00:00:00.000,01014000,2440.0
2018-06-27T00:00:00.000,01014000,2480.0
2018-06-28T00:00:00.000,01014000,2350.0
2018-06-29T00:00:00.000,01014000,2490.0
2018-06-30T00:00:00.000,01014000,2550.0
2018-07-01T00:00:00.000,01014000,2370.0
2018-07-02T00:00:00.000,01014000,2220.0
2018-07-03T00:00:00.000,01014000,2120.0
2018-07-04T00:00:00.000,01014000,2110.0
2018-07-05T00:00:00.000,01014000,3830.0
2018-07-06T00:00:00.000,01014000,3790.0
2018-07-07T00:00:00.000,01014000,3050.0
2018-07-08T00:00:00.000,01014000,2530.0
2018-07-09T00:00:00.000,01014000,2200.0
2018-07-10T00:00:00.000,01014000,2130.0
2018-07-11T00:00:00.000,01014000,1880.0
2018-07-12T00:00:00.000,01014000,1650.0
2018-07-13T00:00:00.000,01014000,1490.0
2018-07-14T00:00:00.000,01014000,1380.0
2018-07-15T00:00:00.000,01014000,1330.0
2018-07-16T00:00:00.000,01014000,1410.0
2018-07-17T00:00:00.000,01014000,1500.0
2018-07-18T00:00:00.000,01014000,2120.0
2018-07-19T00:00:00.000,01014000,2480.0
2018-07-20T00:00:00.000,01014000,2180.0
2018-07-21T00:00:00.000,01014000,2300.0
2018-07-22T00:00:00.000,01014000,1920.0
2018-07-23T00:00:00.000,01014000,1680.0
2018-07-24T00:00:00.000,01014000,1560.0
2018-07-25T00:00:00.000,01014000,1800.0
2018-07-26T00:00:00.000,01014000,1760.0
2018-07-27T00:00:00.000,01014000,2010.0
2018-07-28T00:00:00.000,01014000,2630.0
2018-07-29T00:00:00.000,01014000,3150.0
2018-07-30T00:00:00.000,01014000,2560.0
2018-07-31T00:00:00.000,01014000,2090.0
2018-08-01T00:00:00.000,01014000,1810.0
2018-08-02T00:00:00.000,01014000,1600.0
2018-08-03T00:00:00.000,01014000,1450.0
2018-08-04T00:00:00.000,01014000,1350.0
2018-08-05T00:00:00.000,01014000,1270.0
2018-08-06T00:00:00.000,01014000,1190.0
2018-08-07T00:00:00.000,01014000,1440.0
2018-08-08T00:00:00.000,01014000,1820.0
2018-08-09T00:00:00.000,01014000,2310.0
2018-08-10T00:00:00.000,01014000,4320.0
2018-08-11T00:00:00.000,01014000,6460.0
2018-08-12T00:00:00.000,01014000,5170.0
2018-08-13T00:00:00.000,01014000,3540.0
2018-08-14T00:00:00.000,01014000,2590.0
2018-08-15T00:00:00.000,01014000,2420.0
2018-08-16T00:00:00.000,01014000,2920.0
2018-08-17T00:00:00.000,01014000,2300.0
2018-08-18T00:00:00.000,01014000,2050.0
2018-08-19T00:00:00.000,01014000,2930.0
2018-08-20T00:00:00.000,01014000,3650.0
2018-08-21T00:00:00.000,01014000,3040.0
2018-08-22T00:00:00.000,01014000,2410.0
2018-08-23T00:00:00.000,01014000,2040.0
2018-08-24T00:00:00.000,01014000,1950.0
2018-08-25T00:00:00.000,01014000,1830.0
2018-08-26T00:00:00.000,01014000,1650.0
2018-08-27T00:00:00.000,01014000,1490.0
2018-08-28T00:00:00.000,01014000,1350.0
2018-08-29T00:00:00.000,01014000,1260.0
2018-08-30T00:00:00.000,01014000,1330.0
2018-08-31T00:00:00.000,01014000,1460.0
2018-09-01T00:00:00.000,01014000,1580.0
2018-09-02T00:00:00.000,01014000,1570.0
2018-09-03T00:00:00.000,01014000,1580.0
2018-09-04T00:00:00.000,01014000,1520.0
2018-09-05T00:00:00.000,01014000,1560.0
2018-09-06T00:00:00.000,01014000,1470.0
2018-09-07T00:00:00.000,01014000,1330.0
2018-09-08T00:00:00.000,01014000,1350.0
2018-09-09T00:00:00.000,01014000,1230.0
2018-09-10T00:00:00.000,01014000,1090.0
2018-09-11T00:00:00.000,01014000,1050.0
2018-09-12T00:00:00.000,01014000,1070.0
2018-09-13T00:00:00.000,01014000,1050.0
2018-09-14T00:00:00.000,01014000,1030.0
2018-09-15T00:00:00.000,01014000,1010.0
2018-09-16T00:00:00.000,01014000,1050.0
2018-09-17T00:00:00.000,01014000,995.0
2018-09-18T00:00:00.000,01014000,936.0
2018-09-19T00:00:00.000,01014000,895.0
2018-09-20T00:00:00.000,01014000,856.0
2018-09-21T00:00:00.000,01014000,835.0
2018-09-22T00:00:00.000,01014000,885.0
2018-09-23T00:00:00.000,01014000,895.0
2018-09-24T00:00:00.000,01014000,930.0
2018-09-25T00:00:00.000,01014000,912.0
2018-09-26T00:00:00.000,01014000,1140.0
2018-09-27T00:00:00.000,01014000,1470.0
2018-09-28T00:00:00.000,01014000,2090.0
2018-09-29T00:00:00.000,01014000,3960.0
2018-09-30T00:00:00.000,01014000,3830.0
2018-10-01T00:00:00.000,01014000,2950.0
2018-10-02T00:00:00.000,01014000,2330.0
2018-10-03T00:00:00.000,01014000,1970.0
2018-10-04T00:00:00.000,01014000,1730.0
2018-10-05T00:00:00.000,01014000,1540.0
2018-10-06T00:00:00.000,01014000,1390.0
2018-10-07T00:00:00.000,01014000,1290.0
2018-10-08T00:00:00.000,01014000,1200.0
2018-10-09T00:00:00.000,01014000,1170.0
2018-10-10T00:00:00.000,01014000,1210.0
2018-10-11T00:00:00.000,01014000,2030.0
2018-10-12T00:00:00.000,01014000,7220.0
2018-10-13T00:00:00.000,01014000,15200.0
2018-10-14T00:00:00.000,01014000,12100.0
2018-10-15T00:00:00.000,01014000,8830.0
2018-10-16T00:00:00.000,01014000,6980.0
2018-10-17T00:00:00.000,01014000,6310.0
2018-10-18T00:00:00.000,01014000,6220.0
2018-10-19T00:00:00.000,01014000,5760.0
2018-10-20T00:00:00.000,01014000,5140.0
2018-10-21T00:00:00.000,01014000,4540.0
2018-10-22T00:00:00.000,01014000,4060.0
2018-10-23T00:00:00.000,01014000,3630.0
2018-10-24T00:00:00.000,01014000,3210.0
2018-10-25T00:00:00.000,01014000,2870.0
2018-10-26T00:00:00.000,01014000,2620.0
2018-10-27T00:00:00.000,01014000,2400.0
2018-10-28T00:00:00.000,01014000,2360.0
2018-10-29T00:00:00.000,01014000,2440.0
2018-10-30T00:00:00.000,01014000,2740.0
2018-10-31T00:00:00.000,01014000,3990.0
2018-11-01T00:00:00.000,01014000,5210.0
2018-11-02T00:00:00.000,01014000,5600.0
2018-11-03T00:00:00.000,01014000,7110.0
2018-11-04T00:00:00.000,01014000,15200.0
2018-11-05T00:00:00.000,01014000,22500.0
2018-11-06T00:00:00.000,01014000,19200.0
2018-11-07T00:00:00.000,01014000,16600.0
2018-11-08T00:00:00.000,01014000,18300.0
2018-11-09T00:00:00.000,01014000,18400.0
2018-11-10T00:00:00.000,01014000,15600.0
2018-11-11T00:00:00.000,01014000,12800.0
2018-11-12T00:00:00.000,01014000,10400.0
2018-11-13T00:00:00.000,01014000,8310.0
2018-11-14T00:00:00.000,01014000,6560.0
2018-11-15T00:00:00.000,01014000,5360.0
2018-11-16T00:00:00.000,01014000,4680.0
2018-11-17T00:00:00.000,01014000,4130.0
2018-11-18T00:00:00.000,01014000,3730.0
2018-11-19T00:00:00.000,01014000,3490.0
2018-11-20T00:00:00.000,01014000,3330.0
2018-11-21T00:00:00.000,01014000,3170.0
2018-11-22T00:00:00.000,01014000,3000.0
2018-11-23T00:00:00.000,01014000,2840.0
2018-11-24T00:00:00.000,01014000,2710.0
2018-11-25T00:00:00.000,01014000,2590.0
2018-11-26T00:00:00.000,01014000,2460.0
2018-11-27T00:00:00.000,01014000,2350.0
2018-11-28T00:00:00.000,01014000,2260.0
2018-11-29T00:00:00.000,01014000,2150.0
2018-11-30T00:00:00.000,01014000,2050.0
2018-12-01T00:00:00.000,01014000,1950.0
2018-12-02T00:00:00.000,01014000,1880.0
2018-12-03T00:00:00.000,01014000,1830.0
2018-12-04T00:00:00.000,01014000,1780.0
2018-12-05T00:00:00.000,01014000,1740.0
2018-12-06T00:00:00.000,01014000,1700.0
2018-12-07T00:00:00.000,01014000,1660.0
2018-12-08T00:00:00.000,01014000,1620.0
2018-12-09T00:00:00.000,01014000,1570.0
2018-12-10T00:00:00.000,01014000,1520.0
2018-12-11T00:00:00.000,01014000,1470.0
2018-12-12T00:00:00.000,01014000,1440.0
2018-12-13T00:00:00.000,01014000,1410.0
2018-12-14T00:00:00.000,01014000,1380.0
2018-12-15T00:00:00.000,01014000,1340.0
2018-12-16T00:00:00.000,01014000,1320.0
2018-12-17T00:00:00.000,01014000,1290.0
2018-12-18T00:00:00.000,01014000,1270.0
2018-12-19T00:00:00.000,01014000,1240.0
2018-12-20T00:00:00.000,01014000,1210.0
2018-12-21T00:00:00.000,01014000,1230.0
2018-12-22T00:00:00.000,01014000,1330.0
2018-12-23T00:00:00.000,01014000,2370.0
2018-12-24T00:00:00.000,01014000,4860.0
2018-12-25T00:00:00.000,01014000,6570.0
2018-12-26T00:00:00.000,01014000,7140.0
2018-12-27T00:00:00.000,01014000,6910.0
2018-12-28T00:00:00.000,01014000,6400.0
2018-12-29T00:00:00.000,01014000,5980.0
2018-12-30T00:00:00.000,01014000,5660.0
2018-12-31T00:00:00.000,01014000,5200.0
2019-01-01T00:00:00.000,01014000,4980.0
2019-01-02T00:00:00.000,01014000,4760.0
2019-01-03T00:00:00.000,01014000,4600.0
2019-01-04T00:00:00.000,01014000,4530.0
2019-01-05T00:00:00.000,01014000,4410.0
2019-01-06T00:00:00.000,01014000,4280.0
2019-01-07T00:00:00.000,01014000,4150.0
2019-01-08T00:00:00.000,01014000,4030.0
2019-01-09T00:00:00.000,01014000,3900.0
2019-01-10T00:00:00.000,01014000,3810.0
2019-01-11T00:00:00.000,01014000,3740.0
2019-01-12T00:00:00.000,01014000,3670.0
2019-01-13T00:00:00.000,01014000,3600.0
2019-01-14T00:00:00.000,01014000,3530.0
2019-01-15T00:00:00.000,01014000,3460.0
2019-01-16T00:00:00.000,01014000,3400.0
2019-01-17T00:00:00.000,01014000,3330.0
2019-01-18T00:00:00.000,01014000,3260.0
2019-01-19T00:00:00.000,01014000,3200.0
2019-01-20T00:00:00.000,01014000,3140.0
2019-01-21T00:00:00.000,01014000,3080.0
2019-01-22T00:00:00.000,01014000,3030.0
2019-01-23T00:00:00.000,01014000,2970.0
2019-01-24T00:00:00.000,01014000,2910.0
2019-01-25T00:00:00.000,01014000,2850.0
2019-01-26T00:00:00.000,01014000,2810.0
2019-01-27T00:00:00.000,01014000,2780.0
2019-01-28T00:00:00.000,01014000,2740.0
2019-01-29T00:00:00.000,01014000,2710.0
2019-01-30T00:00:00.000,01014000,2670.0
2019-01-31T00:00:00.000,01014000,2640.0
2019-02-01T00:00:00.000,01014000,2610.0
2019-02-02T00:00:00.000,01014000,2590.0
2019-02-03T00:00:00.000,01014000,2580.0
2019-02-04T00:00:00.000,01014000,2560.0
2019-02-05T00:00:00.000,01014000,2540.0
2019-02-06T00:00:00.000,01014000,2530.0
2019-02-07T00:00:00.000,01014000,2510.0
2019-02-08T00:00:00.000,01014000,2500.0
2019-02-09T00:00:00.000,01014000,2480.0
2019-02-10T00:00:00.000,01014000,2470.0
2019-02-11T00:00:00.000,01014000,2450.0
2019-02-12T00:00:00.000,01014000,2440.0
2019-02-13T00:00:00.000,01014000,2420.0
2019-02-14T00:00:00.000,01014000,2410.0
2019-02-15T00:00:00.000,01014000,2390.0
2019-02-16T00:00:00.000,01014000,2370.0
2019-02-17T00:00:00.000,01014000,2350.0
2019-02-18T00:00:00.000,01014000,2320.0
2019-02-19T00:00:00.000,01014000,2300.0
2019-02-20T00:00:00.000,01014000,2280.0
2019-02-21T00:00:00.000,01014000,2260.0
2019-02-22T00:00:00.000,01014000,2240.0
2019-02-23T00:00:00.000,01014000,2220.0
2019-02-24T00:00:00.000,01014000,2200.0
2019-02-25T00:00:00.000,01014000,2180.0
2019-02-26T00:00:00.000,01014000,2160.0
2019-02-27T00:00:00.000,01014000,2150.0
2019-02-28T00:00:00.000,01014000,2130.0
2019-03-01T00:00:00.000,01014000,2120.0
2019-03-02T00:00:00.000,01014000,2100.0
2019-03-03T00:00:00.000,01014000,2090.0
2019-03-04T00:00:00.000,01014000,2070.0
2019-03-05T00:00:00.000,01014000,2060.0
2019-03-06T00:00:00.000,01014000,2050.0
2019-03-07T00:00:00.000,01014000,2060.0
2019-03-08T00:00:00.000,01014000,2100.0
2019-03-09T00:00:00.000,01014000,2100.0
2019-03-10T00:00:00.000,01014000,2100.0
2019-03-11T00:00:00.000,01014000,2110.0
2019-03-12T00:00:00.000,01014000,2120.0
2019-03-13T00:00:00.000,01014000,2130.0
2019-03-14T00:00:00.000,01014000,2180.0
2019-03-15T00:00:00.000,01014000,2260.0
2019-03-16T00:00:00.000,01014000,2410.0
2019-03-17T00:00:00.000,01014000,2630.0
2019-03-18T00:00:00.000,01014000,3480.0
2019-03-19T00:00:00.000,01014000,4270.0
2019-03-20T00:00:00.000,01014000,4980.0
2019-03-21T00:00:00.000,01014000,5580.0
2019-03-22T00:00:00.000,01014000,5850.0
2019-03-23T00:00:00.000,01014000,5880.0
2019-03-24T00:00:00.000,01014000,5710.0
2019-03-25T00:00:00.000,01014000,5520.0
2019-03-26T00:00:00.000,01014000,5370.0
2019-03-27T00:00:00.000,01014000,5210.0
2019-03-28T00:00:00.000,01014000,5090.0
2019-03-29T00:00:00.000,01014000,4970.0
2019-03-30T00:00:00.000,01014000,4980.0
2019-03-31T00:00:00.000,01014000,5400.0
2019-04-01T00:00:00.000,01014000,7180.0
2019-04-02T00:00:00.000,01014000,10900.0
2019-04-03T00:00:00.000,01014000,14900.0
2019-04-04T00:00:00.000,01014000,16700.0
2019-04-05T00:00:00.000,01014000,16900.0
2019-04-06T00:00:00.000,01014000,16500.0
2019-04-07T00:00:00.000,01014000,15700.0
2019-04-08T00:00:00.000,01014000,15000.0
2019-04-09T00:00:00.000,01014000,14200.0
2019-04-10T00:00:00.000,01014000,13600.0
2019-04-11T00:00:00.000,01014000,13100.0
2019-04-12T00:00:00.000,01014000,12600.0
2019-04-13T00:00:00.000,01014000,12900.0
2019-04-14T00:00:00.000,01014000,16300.0
2019-04-15T00:00:00.000,01014000,24300.0
2019-04-16T00:00:00.000,01014000,35100.0
2019-04-17T00:00:00.000,01014000,43600.0
2019-04-18T00:00:00.000,01014000,47300.0
2019-04-19T00:00:00.000,01014000,50000.0
2019-04-20T00:00:00.000,01014000,66900.0
2019-04-21T00:00:00.000,01014000,98500.0
2019-04-22T00:00:00.000,01014000,124000.0
2019-04-23T00:00:00.000,01014000,133000.0
2019-04-24T00:00:00.000,01014000,119000.0
2019-04-25T00:00:00.000,01014000,98200.0
2019-04-26T00:00:00.000,01014000,81700.0
2019-04-27T00:00:00.000,01014000,79700.0
2019-04-28T00:00:00.000,01014000,101000.0
2019-04-29T00:00:00.000,01014000,97800.0
2019-04-30T00:00:00.000,01014000,80400.0
2019-05-01T00:00:00.000,01014000,64400.0
2019-05-02T00:00:00.000,01014000,54300.0
2019-05-03T00:00:00.000,01014000,49200.0
2019-05-04T00:00:00.000,01014000,48100.0
2019-05-05T00:00:00.000,01014000,49400.0
2019-05-06T00:00:00.000,01014000,50600.0
2019-05-07T00:00:00.000,01014000,50300.0
2019-05-08T00:00:00.000,01014000,49100.0
2019-05-09T00:00:00.000,01014000,43700.0
2019-05-10T00:00:00.000,01014000,37600.0
2019-05-11T00:00:00.000,01014000,39200.0
2019-05-12T00:00:00.000,01014000,43500.0
2019-05-13T00:00:00.000,01014000,38900.0
2019-05-14T00:00:00.000,01014000,32700.0
2019-05-15T00:00:00.000,01014000,28200.0
2019-05-16T00:00:00.000,01014000,25200.0
2019-05-17T00:00:00.000,01014000,22800.0
2019-05-18T00:00:00.000,01014000,22000.0
2019-05-19T00:00:00.000,01014000,23400.0
2019-05-20T00:00:00.000,01014000,22900.0
2019-05-21T00:00:00.000,01014000,24200.0
2019-05-22T00:00:00.000,01014000,27000.0
2019-05-23T00:00:00.000,01014000,25000.0
2019-05-24T00:00:00.000,01014000,21900.0
2019-05-25T00:00:00.000,01014000,22900.0
2019-05-26T00:00:00.000,01014000,24200.0
2019-05-27T00:00:00.000,01014000,22200.0
2019-05-28T00:00:00.000,01014000,20400.0
2019-05-29T00:00:00.000,01014000,17500.0
2019-05-30T00:00:00.000,01014000,14900.0
2019-05-31T00:00:00.000,01014000,13700.0
2019-06-01T00:00:00.000,01014000,13200.0
2019-06-02T00:00:00.000,01014000,12200.0
2019-06-03T00:00:00.000,01014000,12000.0
2019-06-04T00:00:00.000,01014000,13600.0
2019-06-05T00:00:00.000,01014000,13200.0
2019-06-06T00:00:00.000,01014000,11300.0
2019-06-07T00:00:00.000,01014000,9710.0
2019-06-08T00:00:00.000,01014000,8560.0
2019-06-09T00:00:00.000,01014000,7690.0
2019-06-10T00:00:00.000,01014000,7070.0
2019-06-11T00:00:00.000,01014000,6620.0
2019-06-12T00:00:00.000,01014000,6800.0
2019-06-13T00:00:00.000,01014000,7620.0
2019-06-14T00:00:00.000,01014000,7990.0
2019-06-15T00:00:00.000,01014000,7670.0
2019-06-16T00:00:00.000,01014000,7530.0
2019-06-17T00:00:00.000,01014000,7710.0
2019-06-18T00:00:00.000,01014000,7320.0
2019-06-19T00:00:00.000,01014000,6500.0
2019-06-20T00:00:00.000,01014000,5890.0
2019-06-21T00:00:00.000,01014000,6120.0
2019-06-22T00:00:00.000,01014000,7810.0
2019-06-23T00:00:00.000,01014000,10100.0
2019-06-24T00:00:00.000,01014000,8260.0
2019-06-25T00:00:00.000,01014000,6790.0
2019-06-26T00:00:00.000,01014000,5860.0
2019-06-27T00:00:00.000,01014000,5250.0
2019-06-28T00:00:00.000,01014000,5990.0
2019-06-29T00:00:00.000,01014000,10100.0
2019-06-30T00:00:00.000,01014000,10800.0
2019-07-01T00:00:00.000,01014000,14400.0
2019-07-02T00:00:00.000,01014000,13100.0
2019-07-03T00:00:00.000,01014000,11800.0
2019-07-04T00:00:00.000,01014000,9640.0
2019-07-05T00:00:00.000,01014000,7960.0
2019-07-06T00:00:00.000,01014000,6930.0
2019-07-07T00:00:00.000,01014000,6360.0
2019-07-08T00:00:00.000,01014000,6610.0
2019-07-09T00:00:00.000,01014000,6380.0
2019-07-10T00:00:00.000,01014000,5470.0
2019-07-11T00:00:00.000,01014000,4720.0
2019-07-12T00:00:00.000,01014000,4180.0
2019-07-13T00:00:00.000,01014000,3900.0
2019-07-14T00:00:00.000,01014000,4150.0
2019-07-15T00:00:00.000,01014000,4040.0
2019-07-16T00:00:00.000,01014000,3720.0
2019-07-17T00:00:00.000,01014000,3400.0
2019-07-18T00:00:00.000,01014000,3260.0
2019-07-19T00:00:00.000,01014000,3010.0
2019-07-20T00:00:00.000,01014000,2690.0
2019-07-21T00:00:00.000,01014000,2490.0
2019-07-22T00:00:00.000,01014000,2310.0
2019-07-23T00:00:00.000,01014000,2190.0
2019-07-24T00:00:00.000,01014000,2080.0
2019-07-25T00:00:00.000,01014000,1970.0
2019-07-26T00:00:00.000,01014000,1930.0
2019-07-27T00:00:00.000,01014000,1840.0
2019-07-28T00:00:00.000,01014000,1820.0
2019-07-29T00:00:00.000,01014000,1850.0
2019-07-30T00:00:00.000,01014000,1700.0
2019-07-31T00:00:00.000,01014000,1970.0
2019-08-01T00:00:00.000,01014000,2100.0
2019-08-02T00:00:00.000,01014000,1940.0
2019-08-03T00:00:00.000,01014000,1760.0
2019-08-04T00:00:00.000,01014000,1660.0
2019-08-05T00:00:00.000,01014000,1560.0
2019-08-06T00:00:00.000,01014000,1470.0
2019-08-07T00:00:00.000,01014000,1370.0
2019-08-08T00:00:00.000,01014000,1460.0
2019-08-09T00:00:00.000,01014000,2610.0
2019-08-10T00:00:00.000,01014000,4640.0
2019-08-11T00:00:00.000,01014000,6060.0
2019-08-12T00:00:00.000,01014000,5010.0
2019-08-13T00:00:00.000,01014000,4180.0
2019-08-14T00:00:00.000,01014000,3720.0
2019-08-15T00:00:00.000,01014000,3170.0
2019-08-16T00:00:00.000,01014000,2620.0
2019-08-17T00:00:00.000,01014000,2270.0
2019-08-18T00:00:00.000,01014000,2110.0
2019-08-19T00:00:00.000,01014000,2180.0
2019-08-20T00:00:00.000,01014000,3070.0
2019-08-21T00:00:00.000,01014000,5250.0
2019-08-22T00:00:00.000,01014000,4550.0
2019-08-23T00:00:00.000,01014000,3850.0
2019-08-24T00:00:00.000,01014000,3860.0
2019-08-25T00:00:00.000,01014000,3740.0
2019-08-26T00:00:00.000,01014000,2980.0
2019-08-27T00:00:00.000,01014000,2500.0
2019-08-28T00:00:00.000,01014000,2210.0
2019-08-29T00:00:00.000,01014000,2380.0
2019-08-30T00:00:00.000,01014000,2480.0
2019-08-31T00:00:00.000,01014000,2340.0
2019-09-01T00:00:00.000,01014000,2110.0
2019-09-02T00:00:00.000,01014000,1970.0
2019-09-03T00:00:00.000,01014000,2020.0
2019-09-04T00:00:00.000,01014000,2260.0
2019-09-05T00:00:00.000,01014000,2900.0
2019-09-06T00:00:00.000,01014000,4350.0
2019-09-07T00:00:00.000,01014000,4900.0
2019-09-08T00:00:00.000,01014000,4190.0
2019-09-09T00:00:00.000,01014000,3430.0
2019-09-10T00:00:00.000,01014000,2890.0
2019-09-11T00:00:00.000,01014000,2740.0
2019-09-12T00:00:00.000,01014000,3330.0
2019-09-13T00:00:00.000,01014000,3450.0
2019-09-14T00:00:00.000,01014000,3080.0
2019-09-15T00:00:00.000,01014000,2890.0
2019-09-16T00:00:00.000,01014000,2660.0
2019-09-17T00:00:00.000,01014000,2480.0
2019-09-18T00:00:00.000,01014000,2390.0
2019-09-19T00:00:00.000,01014000,2230.0
2019-09-20T00:00:00.000,01014000,2090.0
2019-09-21T00:00:00.000,01014000,1930.0
2019-09-22T00:00:00.000,01014000,1790.0
2019-09-23T00:00:00.000,01014000,1750.0
2019-09-24T00:00:00.000,01014000,1820.0
2019-09-25T00:00:00.000,01014000,2300.0
2019-09-26T00:00:00.000,01014000,3540.0
2019-09-27T00:00:00.000,01014000,6630.0
2019-09-28T00:00:00.000,01014000,8050.0
2019-09-29T00:00:00.000,01014000,8110.0
2019-09-30T00:00:00.000,01014000,6830.0
2019-10-01T00:00:00.000,01014000,5840.0
2019-10-02T00:00:00.000,01014000,5020.0
2019-10-03T00:00:00.000,01014000,4220.0
2019-10-04T00:00:00.000,01014000,3620.0
2019-10-05T00:00:00.000,01014000,3240.0
2019-10-06T00:00:00.000,01014000,2940.0
2019-10-07T00:00:00.000,01014000,2860.0
2019-10-08T00:00:00.000,01014000,2930.0
2019-10-09T00:00:00.000,01014000,3120.0
2019-10-10T00:00:00.000,01014000,3220.0
2019-10-11T00:00:00.000,01014000,3080.0
2019-10-12T00:00:00.000,01014000,2760.0
2019-10-13T00:00:00.000,01014000,2520.0
2019-10-14T00:00:00.000,01014000,2330.0
2019-10-15T00:00:00.000,01014000,2200.0
2019-10-16T00:00:00.000,01014000,2110.0
2019-10-17T00:00:00.000,01014000,2100.0
2019-10-18T00:00:00.000,01014000,2250.0
2019-10-19T00:00:00.000,01014000,2450.0
2019-10-20T00:00:00.000,01014000,5050.0
2019-10-21T00:00:00.000,01014000,5110.0
2019-10-22T00:00:00.000,01014000,4260.0
2019-10-23T00:00:00.000,01014000,4860.0
2019-10-24T00:00:00.000,01014000,13100.0
2019-10-25T00:00:00.000,01014000,22000.0
2019-10-26T00:00:00.000,01014000,17800.0
2019-10-27T00:00:00.000,01014000,14000.0
2019-10-28T00:00:00.000,01014000,11900.0
2019-10-29T00:00:00.000,01014000,12700.0
2019-10-30T00:00:00.000,01014000,15000.0
2019-10-31T00:00:00.000,01014000,13900.0
2019-11-01T00:00:00.000,01014000,36500.0
2019-11-02T00:00:00.000,01014000,75800.0
2019-11-03T00:00:00.000,01014000,61600.0
2019-11-04T00:00:00.000,01014000,43100.0
2019-11-05T00:00:00.000,01014000,31100.0
2019-11-06T00:00:00.000,01014000,24800.0
2019-11-07T00:00:00.000,01014000,21400.0
2019-11-08T00:00:00.000,01014000,18600.0
2019-11-09T00:00:00.000,01014000,15900.0
2019-11-10T00:00:00.000,01014000,13700.0
2019-11-11T00:00:00.000,01014000,11500.0
2019-11-12T00:00:00.000,01014000,9310.0
2019-11-13T00:00:00.000,01014000,7740.0
2019-11-14T00:00:00.000,01014000,6970.0
2019-11-15T00:00:00.000,01014000,6680.0
2019-11-16T00:00:00.000,01014000,6520.0
2019-11-17T00:00:00.000,01014000,6330.0
2019-11-18T00:00:00.000,01014000,6140.0
2019-11-19T00:00:00.000,01014000,5990.0
2019-11-20T00:00:00.000,01014000,5840.0
2019-11-21T00:00:00.000,01014000,5700.0
2019-11-22T00:00:00.000,01014000,5550.0
2019-11-23T00:00:00.000,01014000,5390.0
2019-11-24T00:00:00.000,01014000,5260.0
2019-11-25T00:00:00.000,01014000,5130.0
2019-11-26T00:00:00.000,01014000,5000.0
2019-11-27T00:00:00.000,01014000,4880.0
2019-11-28T00:00:00.000,01014000,4750.0
2019-11-29T00:00:00.000,01014000,4620.0
2019-11-30T00:00:00.000,01014000,4520.0
2019-12-01T00:00:00.000,01014000,4440.0
2019-12-02T00:00:00.000,01014000,4350.0
2019-12-03T00:00:00.000,01014000,4270.0
2019-12-04T00:00:00.000,01014000,4190.0
2019-12-05T00:00:00.000,01014000,4130.0
2019-12-06T00:00:00.000,01014000,4070.0
2019-12-07T00:00:00.000,01014000,4020.0
2019-12-08T00:00:00.000,01014000,3960.0
2019-12-09T00:00:00.000,01014000,3920.0
2019-12-10T00:00:00.000,01014000,4040.0
2019-12-11T00:00:00.000,01014000,4240.0
2019-12-12T00:00:00.000,01014000,4630.0
2019-12-13T00:00:00.000,01014000,5270.0
2019-12-14T00:00:00.000,01014000,5970.0
2019-12-15T00:00:00.000,01014000,6760.0
2019-12-16T00:00:00.000,01014000,7450.0
2019-12-17T00:00:00.000,01014000,7770.0
2019-12-18T00:00:00.000,01014000,7740.0
2019-12-19T00:00:00.000,01014000,7420.0
2019-12-20T00:00:00.000,01014000,7140.0
2019-12-21T00:00:00.000,01014000,6820.0
2019-12-22T00:00:00.000,01014000,6510.0
2019-12-23T00:00:00.000,01014000,6230.0
2019-12-24T00:00:00.000,01014000,6020.0
2019-12-25T00:00:00.000,01014000,5840.0
2019-12-26T00:00:00.000,01014000,5650.0
2019-12-27T00:00:00.000,01014000,5470.0
2019-12-28T00:00:00.000,01014000,5290.0
2019-12-29T00:00:00.000,01014000,5130.0
2019-12-30T00:00:00.000,01014000,4980.0
2019-12-31T00:00:00.000,01014000,4830.0
2020-01-01T00:00:00.000,01014000,4690.0
2020-01-02T00:00:00.000,01014000,4570.0
2020-01-03T00:00:00.000,01014000,4460.0
2020-01-04T00:00:00.000,01014000,4350.0
2020-01-05T00:00:00.000,01014000,4230.0
2020-01-06T00:00:00.000,01014000,4120.0
2020-01-07T00:00:00.000,01014000,4010.0
2020-01-08T00:00:00.000,01014000,3920.0
2020-01-09T00:00:00.000,01014000,3830.0
2020-01-10T00:00:00.000,01014000,3750.0
2020-01-11T00:00:00.000,01014000,3690.0
2020-01-12T00:00:00.000,01014000,3730.0
2020-01-13T00:00:00.000,01014000,4100.0
2020-01-14T00:00:00.000,01014000,4670.0
2020-01-15T00:00:00.000,01014000,5140.0
2020-01-16T00:00:00.000,01014000,5250.0
2020-01-17T00:00:00.000,01014000,5160.0
2020-01-18T00:00:00.000,01014000,4990.0
2020-01-19T00:00:00.000,01014000,4830.0
2020-01-20T00:00:00.000,01014000,4650.0
2020-01-21T00:00:00.000,01014000,4470.0
2020-01-22T00:00:00.000,01014000,4290.0
2020-01-23T00:00:00.000,01014000,4120.0
2020-01-24T00:00:00.000,01014000,3990.0
2020-01-25T00:00:00.000,01014000,3870.0
2020-01-26T00:00:00.000,01014000,3750.0
2020-01-27T00:00:00.000,01014000,3640.0
2020-01-28T00:00:00.000,01014000,3580.0
2020-01-29T00:00:00.000,01014000,3540.0
2020-01-30T00:00:00.000,01014000,3500.0
2020-01-31T00:00:00.000,01014000,3460.0
2020-02-01T00:00:00.000,01014000,3420.0
2020-02-02T00:00:00.000,01014000,3380.0
2020-02-03T00:00:00.000,01014000,3340.0
2020-02-04T00:00:00.000,01014000,3300.0
2020-02-05T00:00:00.000,01014000,3260.0
2020-02-06T00:00:00.000,01014000,3220.0
2020-02-07T00:00:00.000,01014000,3180.0
2020-02-08T00:00:00.000,01014000,3140.0
2020-02-09T00:00:00.000,01014000,3110.0
2020-02-10T00:00:00.000,01014000,3070.0
2020-02-11T00:00:00.000,01014000,3030.0
2020-02-12T00:00:00.000,01014000,2990.0
2020-02-13T00:00:00.000,01014000,2960.0
2020-02-14T00:00:00.000,01014000,2920.0
2020-02-15T00:00:00.000,01014000,2880.0
2020-02-16T00:00:00.000,01014000,2850.0
2020-02-17T00:00:00.000,01014000,2810.0
2020-02-18T00:00:00.000,01014000,2780.0
2020-02-19T00:00:00.000,01014000,2740.0
2020-02-20T00:00:00.000,01014000,2700.0
2020-02-21T00:00:00.000,01014000,2670.0
2020-02-22T00:00:00.000,01014000,2640.0
2020-02-23T00:00:00.000,01014000,2620.0
2020-02-24T00:00:00.000,01014000,2600.0
2020-02-25T00:00:00.000,01014000,2590.0
2020-02-26T00:00:00.000,01014000,2570.0
2020-02-27T00:00:00.000,01014000,2560.0
2020-02-28T00:00:00.000,01014000,2550.0
2020-02-29T00:00:00.000,01014000,2550.0
2020-03-01T00:00:00.000,01014000,2570.0
2020-03-02T00:00:00.000,01014000,2590.0
2020-03-03T00:00:00.000,01014000,2650.0
2020-03-04T00:00:00.000,01014000,2790.0
2020-03-05T00:00:00.000,01014000,2970.0
2020-03-06T00:00:00.000,01014000,3180.0
2020-03-07T00:00:00.000,01014000,3580.0
2020-03-08T00:00:00.000,01014000,4180.0
2020-03-09T00:00:00.000,01014000,4650.0
2020-03-10T00:00:00.000,01014000,4840.0
2020-03-11T00:00:00.000,01014000,4870.0
2020-03-12T00:00:00.000,01014000,5020.0
2020-03-13T00:00:00.000,01014000,5480.0
2020-03-14T00:00:00.000,01014000,6400.0
2020-03-15T00:00:00.000,01014000,7160.0
2020-03-16T00:00:00.000,01014000,7490.0
2020-03-17T00:00:00.000,01014000,7510.0
2020-03-18T00:00:00.000,01014000,7300.0
2020-03-19T00:00:00.000,01014000,6940.0
2020-03-20T00:00:00.000,01014000,6650.0
2020-03-21T00:00:00.000,01014000,6650.0
2020-03-22T00:00:00.000,01014000,7070.0
2020-03-23T00:00:00.000,01014000,8460.0
2020-03-24T00:00:00.000,01014000,9970.0
2020-03-25T00:00:00.000,01014000,11000.0
2020-03-26T00:00:00.000,01014000,11100.0
2020-03-27T00:00:00.000,01014000,10500.0
2020-03-28T00:00:00.000,01014000,9790.0
2020-03-29T00:00:00.000,01014000,9050.0
2020-03-30T00:00:00.000,01014000,8300.0
2020-03-31T00:00:00.000,01014000,7670.0
2020-04-01T00:00:00.000,01014000,7220.0
2020-04-02T00:00:00.000,01014000,7320.0
2020-04-03T00:00:00.000,01014000,8210.0
2020-04-04T00:00:00.000,01014000,10600.0
2020-04-05T00:00:00.000,01014000,14700.0
2020-04-06T00:00:00.000,01014000,20600.0
2020-04-07T00:00:00.000,01014000,28300.0
2020-04-08T00:00:00.000,01014000,34800.0
2020-04-09T00:00:00.000,01014000,34700.0
2020-04-10T00:00:00.000,01014000,31100.0
2020-04-11T00:00:00.000,01014000,26900.0
2020-04-12T00:00:00.000,01014000,24000.0
2020-04-13T00:00:00.000,01014000,22800.0
2020-04-14T00:00:00.000,01014000,32700.0
2020-04-15T00:00:00.000,01014000,52800.0
2020-04-16T00:00:00.000,01014000,58500.0
2020-04-17T00:00:00.000,01014000,51900.0
2020-04-18T00:00:00.000,01014000,43500.0
2020-04-19T00:00:00.000,01014000,37000.0
2020-04-20T00:00:00.000,01014000,34700.0
2020-04-21T00:00:00.000,01014000,34500.0
2020-04-22T00:00:00.000,01014000,34200.0
2020-04-23T00:00:00.000,01014000,31600.0
2020-04-24T00:00:00.000,01014000,28100.0
2020-04-25T00:00:00.000,01014000,26200.0
2020-04-26T00:00:00.000,01014000,26300.0
2020-04-27T00:00:00.000,01014000,29000.0
2020-04-28T00:00:00.000,01014000,33000.0
2020-04-29T00:00:00.000,01014000,38100.0
2020-04-30T00:00:00.000,01014000,44600.0
2020-05-01T00:00:00.000,01014000,49600.0
2020-05-02T00:00:00.000,01014000,63200.0
2020-05-03T00:00:00.000,01014000,74300.0
2020-05-04T00:00:00.000,01014000,72000.0
2020-05-05T00:00:00.000,01014000,72100.0
2020-05-06T00:00:00.000,01014000,64700.0
2020-05-07T00:00:00.000,01014000,55600.0
2020-05-08T00:00:00.000,01014000,48900.0
2020-05-09T00:00:00.000,01014000,43400.0
2020-05-10T00:00:00.000,01014000,38000.0
2020-05-11T00:00:00.000,01014000,32800.0
2020-05-12T00:00:00.000,01014000,29300.0
2020-05-13T00:00:00.000,01014000,27200.0
2020-05-14T00:00:00.000,01014000,25400.0
2020-05-15T00:00:00.000,01014000,23800.0
2020-05-16T00:00:00.000,01014000,23600.0
2020-05-17T00:00:00.000,01014000,26400.0
2020-05-18T00:00:00.000,01014000,28700.0
2020-05-19T00:00:00.000,01014000,27000.0
2020-05-20T00:00:00.000,01014000,24100.0
2020-05-21T00:00:00.000,01014000,21600.0
2020-05-22T00:00:00.000,01014000,19900.0
2020-05-23T00:00:00.000,01014000,18600.0
2020-05-24T00:00:00.000,01014000,16400.0
2020-05-25T00:00:00.000,01014000,14100.0
2020-05-26T00:00:00.000,01014000,12300.0
2020-05-27T00:00:00.000,01014000,11300.0
2020-05-28T00:00:00.000,01014000,11000.0
2020-05-29T00:00:00.000,01014000,9980.0
2020-05-30T00:00:00.000,01014000,9540.0
2020-05-31T00:00:00.000,01014000,9020.0
2020-06-01T00:00:00.000,01014000,8690.0
2020-06-02T00:00:00.000,01014000,8300.0
2020-06-03T00:00:00.000,01014000,7600.0
2020-06-04T00:00:00.000,01014000,6820.0
2020-06-05T00:00:00.000,01014000,6180.0
2020-06-06T00:00:00.000,01014000,5690.0
2020-06-07T00:00:00.000,01014000,5450.0
2020-06-08T00:00:00.000,01014000,5330.0
2020-06-09T00:00:00.000,01014000,5070.0
2020-06-10T00:00:00.000,01014000,4650.0
2020-06-11T00:00:00.000,01014000,4500.0
2020-06-12T00:00:00.000,01014000,4420.0
2020-06-13T00:00:00.000,01014000,4150.0
2020-06-14T00:00:00.000,01014000,3920.0
2020-06-15T00:00:00.000,01014000,3620.0
2020-06-16T00:00:00.000,01014000,3240.0
2020-06-17T00:00:00.000,01014000,2940.0
2020-06-18T00:00:00.000,01014000,2710.0
2020-06-19T00:00:00.000,01014000,2510.0
2020-06-20T00:00:00.000,01014000,2310.0
2020-06-21T00:00:00.000,01014000,2180.0
2020-06-22T00:00:00.000,01014000,2210.0
2020-06-23T00:00:00.000,01014000,2220.0
2020-06-24T00:00:00.000,01014000,2320.0
2020-06-25T00:00:00.000,01014000,2800.0
2020-06-26T00:00:00.000,01014000,2960.0
2020-06-27T00:00:00.000,01014000,2980.0
2020-06-28T00:00:00.000,01014000,2820.0
2020-06-29T00:00:00.000,01014000,2780.0
2020-06-30T00:00:00.000,01014000,2950.0
2020-07-01T00:00:00.000,01014000,2990.0
2020-07-02T00:00:00.000,01014000,2990.0
2020-07-03T00:00:00.000,01014000,2760.0
2020-07-04T00:00:00.000,01014000,2450.0
2020-07-05T00:00:00.000,01014000,2160.0
2020-07-06T00:00:00.000,01014000,1950.0
2020-07-07T00:00:00.000,01014000,1810.0
2020-07-08T00:00:00.000,01014000,1770.0
2020-07-09T00:00:00.000,01014000,1840.0
2020-07-10T00:00:00.000,01014000,1890.0
2020-07-11T00:00:00.000,01014000,2020.0
2020-07-12T00:00:00.000,01014000,2320.0
2020-07-13T00:00:00.000,01014000,2160.0
2020-07-14T00:00:00.000,01014000,2090.0
2020-07-15T00:00:00.000,01014000,2110.0
2020-07-16T00:00:00.000,01014000,1960.0
2020-07-17T00:00:00.000,01014000,1740.0
2020-07-18T00:00:00.000,01014000,1670.0
2020-07-19T00:00:00.000,01014000,1630.0
2020-07-20T00:00:00.000,01014000,1700.0
2020-07-21T00:00:00.000,01014000,1900.0
2020-07-22T00:00:00.000,01014000,1790.0
2020-07-23T00:00:00.000,01014000,1660.0
2020-07-24T00:00:00.000,01014000,1690.0
2020-07-25T00:00:00.000,01014000,1570.0
2020-07-26T00:00:00.000,01014000,1770.0
2020-07-27T00:00:00.000,01014000,1930.0
2020-07-28T00:00:00.000,01014000,1680.0
2020-07-29T00:00:00.000,01014000,1910.0
2020-07-30T00:00:00.000,01014000,2640.0
2020-07-31T00:00:00.000,01014000,2560.0
2020-08-01T00:00:00.000,01014000,2120.0
2020-08-02T00:00:00.000,01014000,1770.0
2020-08-03T00:00:00.000,01014000,1600.0
2020-08-04T00:00:00.000,01014000,1550.0
2020-08-05T00:00:00.000,01014000,1520.0
2020-08-06T00:00:00.000,01014000,1520.0
2020-08-07T00:00:00.000,01014000,1580.0
2020-08-08T00:00:00.000,01014000,1750.0
2020-08-09T00:00:00.000,01014000,1590.0
2020-08-10T00:00:00.000,01014000,1370.0
2020-08-11T00:00:00.000,01014000,1220.0
2020-08-12T00:00:00.000,01014000,1130.0
2020-08-13T00:00:00.000,01014000,1070.0
2020-08-14T00:00:00.000,01014000,1010.0
2020-08-15T00:00:00.000,01014000,938.0
2020-08-16T00:00:00.000,01014000,928.0
2020-08-17T00:00:00.000,01014000,896.0
2020-08-18T00:00:00.000,01014000,906.0
2020-08-19T00:00:00.000,01014000,1240.0
2020-08-20T00:00:00.000,01014000,1470.0
2020-08-21T00:00:00.000,01014000,1190.0
2020-08-22T00:00:00.000,01014000,1020.0
2020-08-23T00:00:00.000,01014000,932.0
2020-08-24T00:00:00.000,01014000,875.0
2020-08-25T00:00:00.000,01014000,863.0
2020-08-26T00:00:00.000,01014000,923.0
2020-08-27T00:00:00.000,01014000,924.0
2020-08-28T00:00:00.000,01014000,884.0
2020-08-29T00:00:00.000,01014000,932.0
2020-08-30T00:00:00.000,01014000,1260.0
2020-08-31T00:00:00.000,01014000,1680.0
2020-09-01T00:00:00.000,01014000,3320.0
2020-09-02T00:00:00.000,01014000,3570.0
2020-09-03T00:00:00.000,01014000,2690.0
2020-09-04T00:00:00.000,01014000,2110.0
2020-09-05T00:00:00.000,01014000,1730.0
2020-09-06T00:00:00.000,01014000,1490.0
2020-09-07T00:00:00.000,01014000,1340.0
2020-09-08T00:00:00.000,01014000,1210.0
2020-09-09T00:00:00.000,01014000,1100.0
2020-09-10T00:00:00.000,01014000,1250.0
2020-09-11T00:00:00.000,01014000,1380.0
2020-09-12T00:00:00.000,01014000,1550.0
2020-09-13T00:00:00.000,01014000,1390.0
2020-09-14T00:00:00.000,01014000,1270.0
2020-09-15T00:00:00.000,01014000,1140.0
2020-09-16T00:00:00.000,01014000,1070.0
2020-09-17T00:00:00.000,01014000,1000.0
2020-09-18T00:00:00.000,01014000,928.0
2020-09-19T00:00:00.000,01014000,891.0
2020-09-20T00:00:00.000,01014000,834.0
2020-09-21T00:00:00.000,01014000,789.0
2020-09-22T00:00:00.000,01014000,749.0
2020-09-23T00:00:00.000,01014000,725.0
2020-09-24T00:00:00.000,01014000,702.0
2020-09-25T00:00:00.000,01014000,678.0
2020-09-26T00:00:00.000,01014000,656.0
2020-09-27T00:00:00.000,01014000,649.0
2020-09-28T00:00:00.000,01014000,637.0
2020-09-29T00:00:00.000,01014000,639.0
2020-09-30T00:00:00.000,01014000,693.0
2020-10-01T00:00:00.000,01014000,778.0
2020-10-02T00:00:00.000,01014000,996.0
2020-10-03T00:00:00.000,01014000,1240.0
2020-10-04T00:00:00.000,01014000,1430.0
2020-10-05T00:00:00.000,01014000,1570.0
2020-10-06T00:00:00.000,01014000,1500.0
2020-10-07T00:00:00.000,01014000,1460.0
2020-10-08T00:00:00.000,01014000,1490.0
2020-10-09T00:00:00.000,01014000,1630.0
2020-10-10T00:00:00.000,01014000,2080.0
2020-10-11T00:00:00.000,01014000,2970.0
2020-10-12T00:00:00.000,01014000,4960.0
2020-10-13T00:00:00.000,01014000,5150.0
2020-10-14T00:00:00.000,01014000,6190.0
2020-10-15T00:00:00.000,01014000,10900.0
2020-10-16T00:00:00.000,01014000,12300.0
2020-10-17T00:00:00.000,01014000,13500.0
2020-10-18T00:00:00.000,01014000,32600.0
2020-10-19T00:00:00.000,01014000,36800.0
2020-10-20T00:00:00.000,01014000,30800.0
2020-10-21T00:00:00.000,01014000,28800.0
2020-10-22T00:00:00.000,01014000,28700.0
2020-10-23T00:00:00.000,01014000,26300.0
2020-10-24T00:00:00.000,01014000,22500.0
2020-10-25T00:00:00.000,01014000,19200.0
2020-10-26T00:00:00.000,01014000,16500.0
2020-10-27T00:00:00.000,01014000,14700.0
2020-10-28T00:00:00.000,01014000,13600.0
2020-10-29T00:00:00.000,01014000,12900.0
2020-10-30T00:00:00.000,01014000,11600.0
2020-10-31T00:00:00.000,01014000,10500.0
2020-11-01T00:00:00.000,01014000,9470.0
2020-11-02T00:00:00.000,01014000,9050.0
2020-11-03T00:00:00.000,01014000,9210.0
2020-11-04T00:00:00.000,01014000,8890.0
2020-11-05T00:00:00.000,01014000,8220.0
2020-11-06T00:00:00.000,01014000,7660.0
2020-11-07T00:00:00.000,01014000,7420.0
2020-11-08T00:00:00.000,01014000,7460.0
2020-11-09T00:00:00.000,01014000,7400.0
2020-11-10T00:00:00.000,01014000,7080.0
2020-11-11T00:00:00.000,01014000,6710.0
2020-11-12T00:00:00.000,01014000,6310.0
2020-11-13T00:00:00.000,01014000,5960.0
2020-11-14T00:00:00.000,01014000,5710.0
2020-11-15T00:00:00.000,01014000,5440.0
2020-11-16T00:00:00.000,01014000,5600.0
2020-11-17T00:00:00.000,01014000,5850.0
2020-11-18T00:00:00.000,01014000,6630.0
2020-11-19T00:00:00.000,01014000,7580.0
2020-11-20T00:00:00.000,01014000,6930.0
2020-11-21T00:00:00.000,01014000,6240.0
2020-11-22T00:00:00.000,01014000,5840.0
2020-11-23T00:00:00.000,01014000,6320.0
2020-11-24T00:00:00.000,01014000,8620.0
2020-11-25T00:00:00.000,01014000,12100.0
2020-11-26T00:00:00.000,01014000,13200.0
2020-11-27T00:00:00.000,01014000,11800.0
2020-11-28T00:00:00.000,01014000,11100.0
2020-11-29T00:00:00.000,01014000,11000.0
2020-11-30T00:00:00.000,01014000,10800.0
2020-12-01T00:00:00.000,01014000,15200.0
2020-12-02T00:00:00.000,01014000,36300.0
2020-12-03T00:00:00.000,01014000,46500.0
2020-12-04T00:00:00.000,01014000,38500.0
2020-12-05T00:00:00.000,01014000,30000.0
2020-12-06T00:00:00.000,01014000,25200.0
2020-12-07T00:00:00.000,01014000,21600.0
2020-12-08T00:00:00.000,01014000,18700.0
2020-12-09T00:00:00.000,01014000,16900.0
2020-12-10T00:00:00.000,01014000,15000.0
2020-12-11T00:00:00.000,01014000,13500.0
2020-12-12T00:00:00.000,01014000,12500.0
2020-12-13T00:00:00.000,01014000,11800.0
2020-12-14T00:00:00.000,01014000,11000.0
2020-12-15T00:00:00.000,01014000,10100.0
2020-12-16T00:00:00.000,01014000,7140.0
2020-12-17T00:00:00.000,01014000,5900.0
2020-12-18T00:00:00.000,01014000,5670.0
2020-12-19T00:00:00.000,01014000,5580.0
2020-12-20T00:00:00.000,01014000,5540.0
2020-12-21T00:00:00.000,01014000,5510.0
2020-12-22T00:00:00.000,01014000,5490.0
2020-12-23T00:00:00.000,01014000,5480.0
2020-12-24T00:00:00.000,01014000,5550.0
2020-12-25T00:00:00.000,01014000,6530.0
2020-12-26T00:00:00.000,01014000,17500.0
2020-12-27T00:00:00.000,01014000,36400.0
2020-12-28T00:00:00.000,01014000,31400.0
2020-12-29T00:00:00.000,01014000,26400.0
2020-12-30T00:00:00.000,01014000,20100.0
2020-12-31T00:00:00.000,01014000,16300.0
